,# of Votes per Voter,,,,,,Bullet Votes Per Candidate,,,,,,,,Double Bullet Pairs,,,,,,,,,,,,,,,,,,,,,,
Div,0,1,2,3,4,5,Oh,O'Brien,Tracy,Tinney,Taubenberger,Wolfe,Williams,Write-in,Oh O'Brien,Oh Tracy,Oh Tinney,Oh Taubenberger,Oh Wolfe,Oh Williams,Williams Tracy,Williams Tinney,Williams O'Brien,Williams Taubenberger,Williams Wolfe,Tracy Tinney,Tracy O'Brien,Tracy Taubenberger,Tracy Wolfe,Tinney O'Brien,Tinney Taubenberger,Tinney Wolfe,O'Brien Taubenberger,O'Brien Wolfe,Taubenberger Wolfe,Taubenberger write-in,Oh Write In
1 - 1,,1,1,,,,1,,,,,,,,,,,,,,1,,,,,,,,,,,,,,,,
1 - 2,0,1,1,0,2,6,,,,,,1,,,,,,,,,,,,,,,,,,,1,,,,,,
1 - 3,2,2,1,1,1,5,,,1,,1,,,,,,,,,,,,,,,,1,,,,,,,,,,
1 - 4,2,5,2,3,1,7,2,1,1,1,,,,,,1,,,,,1,,,,,,,,,,,,,,,,
1 - 5,0,1,1,1,1,6,,,1,,,,,,,,,,,,,,,,,,1,,,,,,,,,,
1 - 6,1,1,,2,,,1,,,,,,,,,,,,,,,,,,,,,,,,,,,,,,
1 - 7,,4,,,,,3,,,,,,1,,,,,,,,,,,,,,,,,,,,,,,,
1 - 8,1,2,,1,,2,1,,,,,,1,,,,,,,,,,,,,,,,,,,,,,,,
1 - 9,,,3,3,,2,,,,,,,,,,,,,,,,,,,,,,,,,2,1,,,,,
1 - 10,,,,1,,4,,,,,,,,,,,,,,,,,,,,,,,,,,,,,,,
1 - 11,3,1,3,3,,8,1,,,,,,,,,1,,,,,,,,,,1,1,,,,,,,,,,
1- 12,,1,,1,,,1,,,,,,,,,,,,,,,,,,,,,,,,,,,,,,
1 - 13,1,1,,3,,0,1,,,,,,,,,,,,,,,,,,,,,,,,,,,,,,
1 - 14,,3,,3,0,3,1,,1,1,,,,,,,,,,,,,,,,,,,,,,,,,,,
1 - 15,,1,1,4,,3,1,,,,,,,,,1,,,,,,,,,,,,,,,,,,,,,
1 - 16,,1,2,,,1,1,,,,,,,,,1,,,,,,,,,,,,,,,,,,1,,,
1 - 17,1,1,1,4,2,3,,,,,,1,,,1,,,,,,,,,,,,,,,,,,,,,,
1 - 18,1,2,2,5,,4,1,,1,,,,,,,,,,,,,,,,,1,,,1,,,,,,,,
1 - 19,2,2,2,1,,3,,1,1,,,,,,1,,,,,1,,,,,,,,,,,,,,,,,
1 - 20,,1,,,,1,,,1,,,,,,,,,,,,,,,,,,,,,,,,,,,,
1 - 21,,2,2,2,,7,1,,1,,,,,,,,,1,,,,,,,,,,,,,,,1,,,,
,,,,,,,,,,,,,,,,,,,,,,,,,,,,,,,,,,,,,
2-1,1,5,8,2,2,5,1,3,,,,,1,,1,1,,,1,,1,,,,,,,,1,2,,,,1,,,
2-2,,1,,2,1,1,,,,,,1,,,,,,,,,,,,,,,,,,,,,,,,,
2-3,,3,3,1,1,1,1,,1,,,1,,,,,,,,,,,,,,,,1,,,1,1,,,,,
2-4,1,3,0,4,1,3,2,,,,,,1,,,,,,,,,,,,,,,,,,,,,,,,
2-5,1,1,1,2,,2,1,,,,,,,,,,,,,,1,,,,,,,,,,,,,,,,
2-6,1,3,2,,,3,3,,,,,,,,,,,,,,,1,,,,,,,,1,,,,,,,
2-7,,1,,,1,4,,1,,,,,,,,,,,,,,,,,,,,,,,,,,,,,
2-8,,2,2,,,,,,,,,1,1,,,,1,1,,,,,,,,,,,,,,,,,,,
2-9,,2,1,1,,,1,,1,,,,,,,1,,,,,,,,,,,,,,,,,,,,,
2-10,,1,,1,,3,,,1,,,,,,,,,,,,,,,,,,,,,,,,,,,,
2-11,3,5,2,3,,5,2,,1,,,2,,,1,,,,,,,,,,,,,,,,,,,,1,,
2-12,,1,1,4,2,,,,,1,,,,,,,,,1,,,,,,,,,,,,,,,,,,
2-13,,1,,,,,1,,,,,,,,,,,,,,,,,,,,,,,,,,,,,,
2-14,1,1,2,2,2,1,,,,,,,1,,,,,,,,,,,,,,,,,2,,,,,,,
2-15,1,3,1,3,3,7,1,,,1,,1,,,,,,1,,,,,,,,,,,,,,,,,,,
2-16,1,3,1,1,,6,3,,,,,,,,,,,,,,,,,,,,,,1,,,,,,,,
2-17,1,1,2,3,1,5,1,,,,,,,,1,,,,,,,,,,,,,,,,,,,,1,,
2-18,4,6,,,,1,4,1,,,,1,,,,,,,,,,,,,,,,,,,,,,,,,
2-19,2,,,3,1,3,,,,,,,,,,,,,,,,,,,,,,,,,,,,,,,
2-20,,,,1,,2,,,,,,,,,,,,,,,,,,,,,,,,,,,,,,,
2-21,,,,,,1,,,,,,,,,,,,,,,,,,,,,,,,,,,,,,,
2-22,,1,,4,,3,1,,,,,,,,,,,,,,,,,,,,,,,,,,,,,,
2-23,2,1,2,5,1,,,,,1,,,,,,,,1,,,,,,,,,,,,,,,,,1,,
2-24,2,8,3,7,2,4,5,1,1,,1,,,,1,,1,,,,1,,,,,,,,,,,,,,,,
2-25,,2,,3,2,4,,,1,1,,,,,,,,,,,,,,,,,,,,,,,,,,,
2-26,4,3,2,3,2,3,2,,1,,,,,,,,,,,,,,,,1,,,,1,,,,,,,,
2-27,1,2,,5,1,7,1,,,,,1,,,,,,,,,,,,,,,,,,,,,,,,,
,,,,,,,,,,,,,,,,,,,,,,,,,,,,,,,,,,,,,
3-1,1,0,0,0,0,0,,,,,,,,,,,,,,,,,,,,,,,,,,,,,,,
3-2,0,1,0,0,0,0,1,,,,,,,,,,,,,,,,,,,,,,,,,,,,,,
3-3,0,1,0,1,0,0,1,,,,,,,,,,,,,,,,,,,,,,,,,,,,,,
3-4,0,0,0,0,0,1,,,,,,,,,,,,,,,,,,,,,,,,,,,,,,,
3-5,0,0,0,1,0,0,,,,,,,,,,,,,,,,,,,,,,,,,,,,,,,
3-6,0,0,0,0,0,0,,,,,,,,,,,,,,,,,,,,,,,,,,,,,,,
3-7,0,0,0,0,0,1,,,,,,,,,,,,,,,,,,,,,,,,,,,,,,,
3-8,0,1,0,0,0,0,,,,1,,,,,,,,,,,,,,,,,,,,,,,,,,,
3-9,0,0,0,0,0,0,,,,,,,,,,,,,,,,,,,,,,,,,,,,,,,
3-10,0,0,0,0,0,0,,,,,,,,,,,,,,,,,,,,,,,,,,,,,,,
3-11,0,1,1,0,0,0,1,,,,,,,,,,,,,1,,,,,,,,,,,,,,,,,
3-12,0,3,0,0,0,0,,,1,,,,2,,,,,,,,,,,,,,,,,,,,,,,,
3-13,0,0,0,0,0,0,,,,,,,,,,,,,,,,,,,,,,,,,,,,,,,
3-14,0,3,0,0,0,0,2,,,,,,1,,,,,,,,,,,,,,,,,,,,,,,,
3-15,0,0,1,0,0,1,,,,,,,,,,,,,,,,,,,,,,,,1,,,,,,,
3-16,0,1,0,1,0,1,1,,,,,,,,,,,,,,,,,,,,,,,,,,,,,,
3-17,0,0,0,0,0,0,,,,,,,,,,,,,,,,,,,,,,,,,,,,,,,
3-18,0,0,0,0,0,0,,,,,,,,,,,,,,,,,,,,,,,,,,,,,,,
3-19,0,0,0,0,0,0,,,,,,,,,,,,,,,,,,,,,,,,,,,,,,,
3-20,0,8,1,0,0,1,8,,,,,,,,,,,,,1,,,,,,,,,,,,,,,,,
3-21,0,0,0,1,0,0,,,,,,,,,,,,,,,,,,,,,,,,,,,,,,,
3-22,0,0,0,0,0,0,,,,,,,,,,,,,,,,,,,,,,,,,,,,,,,
,,,,,,,,,,,,,,,,,,,,,,,,,,,,,,,,,,,,,
4-1,0,0,0,0,0,0,,,,,,,,,,,,,,,,,,,,,,,,,,,,,,,
4-2,0,0,0,0,0,1,,,,,,,,,,,,,,,,,,,,,,,,,,,,,,,
4-3,0,2,0,0,0,0,2,,,,,,,,,,,,,,,,,,,,,,,,,,,,,,
4-4,0,0,1,1,0,0,,,,,,,,,,,,,1,,,,,,,,,,,,,,,,,,
4-5,0,0,0,0,0,0,,,,,,,,,,,,,,,,,,,,,,,,,,,,,,,
4-6,0,1,0,0,0,0,,,1,,,,,,,,,,,,,,,,,,,,,,,,,,,,
4-7,0,0,0,0,0,1,,,,,,,,,,,,,,,,,,,,,,,,,,,,,,,
4-8,0,2,1,0,0,0,2,,,,,,,,,,,,1,,,,,,,,,,,,,,,,,,
4-9,0,0,0,0,0,0,,,,,,,,,,,,,,,,,,,,,,,,,,,,,,,
4-10,0,0,0,0,0,0,,,,,,,,,,,,,,,,,,,,,,,,,,,,,,,
4-11,0,1,0,1,0,0,,,,1,,,,,,,,,,,,,,,,,,,,,,,,,,,
4-12,1,0,0,0,0,1,,,,,,,,,,,,,,,,,,,,,,,,,,,,,,,
4-13,0,1,1,1,0,0,1,,,,,,,,,1,,,,,,,,,,,,,,,,,,,,,
4-14,0,0,0,0,0,0,,,,,,,,,,,,,,,,,,,,,,,,,,,,,,,
4-15,0,0,0,0,0,0,,,,,,,,,,,,,,,,,,,,,,,,,,,,,,,
4-16,0,0,0,0,0,1,,,,,,,,,,,,,,,,,,,,,,,,,,,,,,,
4-17,0,0,0,0,0,0,,,,,,,,,,,,,,,,,,,,,,,,,,,,,,,
4-18,0,0,0,0,0,0,,,,,,,,,,,,,,,,,,,,,,,,,,,,,,,
4-19,0,0,0,0,0,0,,,,,,,,,,,,,,,,,,,,,,,,,,,,,,,
4-20,0,0,1,0,0,1,,,,,,,,,,,,,,,,,,,,,,,1,,,,,,,,
4-21,1,0,1,0,0,0,,,,,,,,,,,,,,,,,,,,,,,1,,,,,,,,
,,,,,,,,,,,,,,,,,,,,,,,,,,,,,,,,,,,,,
5-1,2,4,4,7,1,16,1,,,,,2,1,,,1,,,,,,,,,,,,,,,,1,,1,1,,
5-2,1,3,1,,1,6,2,,1,,,,,,,,,,1,,,,,,,,,,,,,,,,,,
5-3,2,5,3,10,1,13,1,,1,,,2,1,,,,1,,1,,,,,,,,,1,,,,,,,,,
5-4,3,1,2,5,2,7,,,,,,1,,,,,1,,,,,,,,,,,,1,,,,,,,,
5-5,5,6,2,5,,6,2,,2,1,,1,,,,,,,1,,,,,,,1,,,,,,,,,,,
5-6,2,4,1,3,3,4,2,,1,,,1,,,,,,,,,,,,,,,,,1,,,,,,,,
5-7,1,2,,3,,4,2,,,,,,,,,,,,,,,,,,,,,,,,,,,,,,
5-8,,3,,3,,4,1,,,,,2,,,,,,,,,,,,,,,,,,,,,,,,,
5-9,1,5,4,3,,6,2,,2,,,1,,,,1,,,,1,,,,,,1,,,1,,,,,,,,
5-10,0,5,3,2,2,9,2,,,,2,,1,,,,1,,,,,,,,,,,,1,,,,,1,,,
5-11,1,1,1,3,,5,,,,,,1,,,,,,,1,,,,,,,,,,,,,,,,,,
5-12,2,19,2,4,1,4,17,,,,,2,,,,,,,1,,,,,,,,,,,1,,,,,,,
5-13,,3,,,,2,3,,,,,,,,,,,,,,,,,,,,,,,,,,,,,,
5-14,1,3,,,,4,3,,,,,,,,,,,,,,,,,,,,,,,,,,,,,,
5-15,1,4,,2,,2,3,,1,,,,,,,,,,,,,,,,,,,,,,,,,,,,
5-16,,2,1,2,1,2,,,1,,,,1,,,,,,1,,,,,,,,,,,,,,,,,,
5-17,,1,1,4,,1,,,1,,,,,,,1,,,,,,,,,,,,,,,,,,,,,
5-18,1,11,6,10,1,19,3,2,3,1,,1,1,,1,,,,,,,,1,,,,,,4,,,,,,,,
5-19,2,8,2,6,3,9,3,,2,,2,1,,,1,,,,1,,,,,,,,,,,,,,,,,,
5-20,1,3,,1,,,2,,1,,,,,,,,,,,,,,,,,,,,,,,,,,,,
5-21,2,2,2,2,2,4,1,,,,1,,,,1,,,,,,,,,,,,,,,,,,,1,,,
5-22,1,2,4,3,1,4,,,,1,,1,,,,,,,1,,,,,,,1,1,1,,,,,,,,,
5-23,1,,,,,2,,,,,,,,,,,,,,,,,,,,,,,,,,,,,,,
5-24,2,3,2,2,,5,2,,,,,1,,,,,,,,,,,,,,,2,,,,,,,,,,
5-25,,3,,1,,,2,,1,,,,,,,,,,,,,,,,,,,,,,,,,,,,
5-26,2,2,3,5,,4,2,,,,,,,,,,1,,,1,,,,,,,,,1,,,,,,,,
5-27,3,2,2,4,1,9,,,2,,,,,,2,,,,,,,,,,,,,,,,,,,,,,
5-28,,,1,3,,,,,,,,,,,,,,,,,,,,,,,,,1,,,,,,,,
5-29,,,,,,,,,,,,,,,,,,,,,,,,,,,,,,,,,,,,,
,,,,,,,,,,,,,,,,,,,,,,,,,,,,,,,,,,,,,
6-1,0,0,1,0,0,0,,,,,,,,,,,,,,,,,,,,,,,,,,,,,,,1
6-2,0,0,0,0,0,0,,,,,,,,,,,,,,,,,,,,,,,,,,,,,,,
6-3,0,0,1,0,0,1,,,,,,,,,,,,,,1,,,,,,,,,,,,,,,,,
6-4,1,1,0,0,0,0,,,,,,1,,,,,,,,,,,,,,,,,,,,,,,,,
6-5,1,0,0,1,0,0,,,,,,,,,,,,,,,,,,,,,,,,,,,,,,,
6-6,0,0,0,0,0,0,,,,,,,,,,,,,,,,,,,,,,,,,,,,,,,
6-7,0,0,0,0,0,0,,,,,,,,,,,,,,,,,,,,,,,,,,,,,,,
6-8,0,0,0,1,0,0,,,,,,,,,,,,,,,,,,,,,,,,,,,,,,,
6-9,0,1,0,0,0,0,1,,,,,,,,,,,,,,,,,,,,,,,,,,,,,,
6-10,0,12,0,0,0,1,12,,,,,,,,,,,,,,,,,,,,,,,,,,,,,,
6-11,0,0,0,0,1,1,,,,,,,,,,,,,,,,,,,,,,,,,,,,,,,
6-12,0,0,0,0,0,0,,,,,,,,,,,,,,,,,,,,,,,,,,,,,,,
6-13,0,0,0,0,0,1,,,,,,,,,,,,,,,,,,,,,,,,,,,,,,,
6-14,0,0,0,0,0,0,,,,,,,,,,,,,,,,,,,,,,,,,,,,,,,
6-15,0,0,0,0,0,0,,,,,,,,,,,,,,,,,,,,,,,,,,,,,,,
6-16,0,3,0,0,0,0,3,,,,,,,,,,,,,,,,,,,,,,,,,,,,,,
6-17,1,0,0,0,0,0,,,,,,,,,,,,,,,,,,,,,,,,,,,,,,,
6-18,0,1,1,1,0,0,1,,,,,,,,,1,,,,,,,,,,,,,,,,,,,,,
,,,,,,,,,,,,,,,,,,,,,,,,,,,,,,,,,,,,,
7-1,0,2,0,0,0,0,,,,,,,2,,,,,,,,,,,,,,,,,,,,,,,,
7-2,0,0,0,0,0,0,,,,,,,,,,,,,,,,,,,,,,,,,,,,,,,
7-3,0,1,1,0,0,0,,,1,,,,,,,1,,,,,,,,,,,,,,,,,,,,,
7-4,0,0,0,2,0,1,,,,,,,,,,,,,,,,,,,,,,,,,,,,,,,
7-5,0,0,0,0,0,1,,,,,,,,,,,,,,,,,,,,,,,,,,,,,,,
7-6,0,0,0,0,0,0,,,,,,,,,,,,,,,,,,,,,,,,,,,,,,,
7-7,0,0,0,0,0,0,,,,,,,,,,,,,,,,,,,,,,,,,,,,,,,
7-8,0,0,0,0,0,0,,,,,,,,,,,,,,,,,,,,,,,,,,,,,,,
7-9,0,0,0,1,0,0,,,,,,,,,,,,,,,,,,,,,,,,,,,,,,,
7-10,0,0,0,1,0,0,,,,,,,,,,,,,,,,,,,,,,,,,,,,,,,
7-11,0,0,0,0,0,0,,,,,,,,,,,,,,,,,,,,,,,,,,,,,,,
7-12,2,3,2,2,0,3,1,,1,,,,1,,,1,,,,1,,,,,,,,,,,,,,,,,
7-13,0,0,1,0,0,0,,,,,,,,,1,,,,,,,,,,,,,,,,,,,,,,
7-14,0,1,0,2,0,1,,1,,,,,,,,,,,,,,,,,,,,,,,,,,,,,
7-15,0,0,0,0,0,0,,,,,,,,,,,,,,,,,,,,,,,,,,,,,,,
7-16,1,2,0,0,0,0,,,2,,,,,,,,,,,,,,,,,,,,,,,,,,,,
7-17,0,1,1,0,0,0,,,,1,,,,,,,,,,,,,,,,,,,,1,,,,,,,
7-18,0,0,0,0,0,0,,,,,,,,,,,,,,,,,,,,,,,,,,,,,,,
7-19,1,1,0,1,0,0,,,1,,,,,,,,,,,,,,,,,,,,,,,,,,,,
7-20,0,2,2,1,0,2,1,,1,,,,,,,,1,,,,,,,,1,,,,,,,,,,,,
7-21,0,0,0,0,0,0,,,,,,,,,,,,,,,,,,,,,,,,,,,,,,,
7-22,0,3,0,1,0,0,1,,,,,,2,,,,,,,,,,,,,,,,,,,,,,,,
7-23,0,1,0,0,0,1,,,1,,,,,,,,,,,,,,,,,,,,,,,,,,,,
,,,,,,,,,,,,,,,,,,,,,,,,,,,,,,,,,,,,,
8-1,1,0,2,4,1,4,,,,,,,,,,1,,,,,,,,,,,,,,1,,,,,,,
8-2,1,0,3,4,0,4,,,,,,,,,,1,,,,,,,,,,,,,2,,,,,,,,
8-3,1,3,2,6,0,5,,,1,,1,,,1,,1,,,,,,,,,,,,,1,,,,,,,,
8-4,1,2,4,1,0,2,,,1,,1,,,,,,,,,,,,,,,,,,4,,,,,,,,
8-5,1,2,4,1,2,5,1,,,,1,,,,1,,,1,1,,,,,,,,,,1,,,,,,,,
8-6,1,3,1,1,0,8,,,3,,,,,,,,,,,,,,,,,1,,,,,,,,,,,
8-7,1,5,2,3,0,10,2,1,1,1,,,,,,,,,1,,,,,,,,,,,,,,1,,,,
8-8,2,3,4,4,1,6,1,,,,1,1,,,,,,,1,,,,,,1,,,,2,,,,,,,,
8-9,0,6,2,3,1,3,2,,4,,,,,,,,,,,1,,,,,,1,,,,,,,,,,,
8-10,0,3,2,6,1,7,3,,,,,,,,1,,1,,,,,,,,,,,,,,,,,,,,
8-11,1,2,1,1,0,7,1,,,,,,,1,1,,,,,,,,,,,,,,,,,,,,,,
8-12,0,1,1,3,0,6,,,1,,,,,,,1,,,,,,,,,,,,,,,,,,,,,
8-13,0,0,2,2,1,8,,,,,,,,,,,,,1,,,,,1,,,,,,,,,,,,,
8-14,1,4,0,1,0,4,,1,2,,,1,,,,,,,,,,,,,,,,,,,,,,,,,
8-15,1,3,6,4,2,3,1,,1,,1,,,,,,,,1,1,,,,,,,,1,1,,,,,1,1,,
8-16,4,3,4,2,1,9,,1,,,2,,,,1,,,,,,,,,1,,,,1,1,,,,,,,,
8-17,0,3,3,5,0,3,,1,,,,1,1,,,,,,,1,,,,,,,,,1,,,,,,1,,
8-18,2,3,0,3,0,6,1,,1,1,,,,,,,,,,,,,,,,,,,,,,,,,,,
8-19,2,3,2,1,0,5,1,,1,,1,,,,,,,,,,1,,,,,,,,,,,1,,,,,
8-20,0,0,2,1,0,6,,,,,,,,,,,,,,,,,,,,,,,2,,,,,,,,
8-21,1,4,4,6,2,7,2,,,,1,1,,,1,,,,1,,1,,,,,,,,1,,,,,,,,
8-22,1,0,2,2,1,2,,,,,,,,,,,,,,,,,,,,,,,1,1,,,,,,,
8-23,2,3,1,3,0,3,2,,1,,,,,,,,,,,,,,,,,,,,,,1,,,,,,
8-24,1,1,3,6,0,10,1,,,,,,,,,,,1,,,,,,,,,,,2,,,,,,,,
8-25,1,3,3,5,1,6,,,3,,,,,,,1,,,,1,,,,,,,,,1,,,,,,,,
8-26,1,1,4,2,1,4,,1,,,,,,,3,,,1,,,,,,,,,,,,,,,,,,,
8-27,0,1,1,2,0,1,,,1,,,,,,,,,,,,,,,,,,,,,,,,,,1,,
8-28,0,0,2,0,1,6,,,,,,,,,,,,,,,,,,,,,,,1,1,,,,,,,
8-29,4,4,7,10,3,8,2,,1,,,,1,,,,,1,,,1,,,,1,,,,1,2,,,,,,1,
8-30,0,0,2,0,0,3,,,,,,,,,,,1,,,,,,,,,,,,1,,,,,,,,
,,,,,,,,,,,,,,,,,,,,,,,,,,,,,,,,,,,,,
9-1,,,2,3,,3,,,,,,,,,,,,,,,,,,,,,,,2,,,,,,,,
9-2,,2,,1,,2,2,,,,,,,,,,,,,,,,,,,,,,,,,,,,,,
9-3,,,,1,1,2,,,,,,,,,,,,,,,,,,,,,,,,,,,,,,,
9-4,3,1,2,5,1,8,1,,,,,,,,,1,,,,,,,,,,1,,,,,,,,,,,
9-5,,5,2,3,,1,4,,,,1,,,,,1,,,,,,,,,,,,,,,,,,1,,,
9-6,,4,6,3,1,6,2,,1,,,,1,,,1,,,,1,,,,,,1,,,1,1,,,,,1,,
9-7,2,9,3,5,6,5,2,2,,,2,3,,,1,1,,,,,,,,,,,,,,1,,,,,,,
9-8,,2,3,2,,7,2,,,,,,,,1,,,,,,,,,,,,,,2,,,,,,,,
9-9,2,8,6,6,1,3,7,1,,,,,,,,2,1,1,,,,,,,,,,,,,,,,2,,,
9-10,1,6,10,9,5,13,2,,,1,,3,,,1,,,2,,,,,,,1,,,,4,,,,1,,1,,
9-11,1,2,4,7,6,9,1,1,,,,,,,1,,,2,,,,,,,,,,,1,,,,,,,,
9-12,1,2,1,1,2,6,2,,,,,,,,,,,,,,,,,,,1,,,,,,,,,,,
9-13,1,,,1,,4,,,,,,,,,,,,,,,,,,,,,,,,,,,,,,,
9-14,,,,1,,1,,,,,,,,,,,,,,,,,,,,,,,,,,,,,,,
9-15,,1,2,,,1,,1,,,,,,,,,,,,,,,,,2,,,,,,,,,,,,
9-16,,1,,3,1,4,,,,,,1,,,,,,,,,,,,,,,,,,,,,,,,,
9-17,,1,,,,,,,,,,,1,,,,,,,,,,,,,,,,,,,,,,,,
,,,,,,,,,,,,,,,,,,,,,,,,,,,,,,,,,,,,,
10-1,,,1,,,,,,,,,,,,,,,,,,,,,,,,,,1,,,,,,,,
10-2,1,1,,1,1,,1,,,,,,,,,,,,,,,,,,,,,,,,,,,,,,
10-3,1,,,,,1,,,,,,,,,,,,,,,,,,,,,,,,,,,,,,,
10-4,1,,,,,,,,,,,,,,,,,,,,,,,,,,,,,,,,,,,,
10-5,,,,3,,,,,,,,,,,,,,,,,,,,,,,,,,,,,,,,,
10-6,,,,,,,,,,,,,,,,,,,,,,,,,,,,,,,,,,,,,
10-7,,1,,,,1,,,,,,,1,,,,,,,,,,,,,,,,,,,,,,,,
10-8,,,,,,,,,,,,,,,,,,,,,,,,,,,,,,,,,,,,,
10-9,,,,,,,,,,,,,,,,,,,,,,,,,,,,,,,,,,,,,
10-10,,,,,,,,,,,,,,,,,,,,,,,,,,,,,,,,,,,,,
10-11,,,,,,,,,,,,,,,,,,,,,,,,,,,,,,,,,,,,,
10-12,,,,,,,,,,,,,,,,,,,,,,,,,,,,,,,,,,,,,
10-13,,,,,,,,,,,,,,,,,,,,,,,,,,,,,,,,,,,,,
10-14,1,,1,,,,,,,,,,,,,,,,1,,,,,,,,,,,,,,,,,,
10-15,,,,,,,,,,,,,,,,,,,,,,,,,,,,,,,,,,,,,
10-16,,,,2,,,,,,,,,,,,,,,,,,,,,,,,,,,,,,,,,
10-17,,,,,,1,,,,,,,,,,,,,,,,,,,,,,,,,,,,,,,
10-18,,,,,,1,,,,,,,,,,,,,,,,,,,,,,,,,,,,,,,
10-19,,,,,,,,,,,,,,,,,,,,,,,,,,,,,,,,,,,,,
10-20,,,,,,,,,,,,,,,,,,,,,,,,,,,,,,,,,,,,,
10-21,,,,,,,,,,,,,,,,,,,,,,,,,,,,,,,,,,,,,
10-22,,,,,,,,,,,,,,,,,,,,,,,,,,,,,,,,,,,,,
10-23,3,,,1,,,,,,,,,,,,,,,,,,,,,,,,,,,,,,,,,
10-24,,,,,,,,,,,,,,,,,,,,,,,,,,,,,,,,,,,,,
10-25,,1,,,,,1,,,,,,,,,,,,,,,,,,,,,,,,,,,,,,
10-26,,,,,,,,,,,,,,,,,,,,,,,,,,,,,,,,,,,,,
10-27,,,,1,,,,,,,,,,,,,,,,,,,,,,,,,,,,,,,,,
10-28,,,,,,,,,,,,,,,,,,,,,,,,,,,,,,,,,,,,,
10-29,,1,,,,2,1,,,,,,,,,,,,,,,,,,,,,,,,,,,,,,
,,,,,,,,,,,,,,,,,,,,,,,,,,,,,,,,,,,,,
11-01,1,1,,1,,1,,,,1,,,,,,,,,,,,,,,,,,,,,,,,,,,
11-02,,,,,,,,,,,,,,,,,,,,,,,,,,,,,,,,,,,,,
11-03,1,,,,,,,,,,,,,,,,,,,,,,,,,,,,,,,,,,,,
11-04,,,,,1,,,,,,,,,,,,,,,,,,,,,,,,,,,,,,,,
11-05,,1,,2,,,1,,,,,,,,,,,,,,,,,,,,,,,,,,,,,,
11-06,,1,,,,,1,,,,,,,,,,,,,,,,,,,,,,,,,,,,,,
11-07,,,,,,1,,,,,,,,,,,,,,,,,,,,,,,,,,,,,,,
11-08,,,1,1,,,,,,,,,,,,1,,,,,,,,,,,,,,,,,,,,,
11-09,,,2,,,,,,,,,,,,,1,,,,,1,,,,,,,,,,,,,,,,
11-10,1,,,,,,,,,,,,,,,,,,,,,,,,,,,,,,,,,,,,
11-11,,1,2,1,,,,,,,,,1,,,,,,,,2,,,,,,,,,,,,,,,,
11-12,,,,,,,,,,,,,,,,,,,,,,,,,,,,,,,,,,,,,
11-13,1,1,,,,,,,,,,,1,,,,,,,,,,,,,,,,,,,,,,,,
11-14,1,,,,,,,,,,,,,,,,,,,,,,,,,,,,,,,,,,,,
11-15,,,1,1,,,,,,,,,,,,,,,,,1,,,,,,,,,,,,,,,,
11-16,,1,,,,,,,1,,,,,,,,,,,,,,,,,,,,,,,,,,,,
11-17,2,,,1,,,,,,,,,,,,,,,,,,,,,,,,,,,,,,,,,
11-18,1,1,,1,,1,,,,,,1,,,,,,,,,,,,,,,,,,,,,,,,,
11-19,,,,,,,,,,,,,,,,,,,,,,,,,,,,,,,,,,,,,
11-20,,,,,,,,,,,,,,,,,,,,,,,,,,,,,,,,,,,,,
,,,,,,,,,,,,,,,,,,,,,,,,,,,,,,,,,,,,,
12-1,,,,,,1,,,,,,,,,,,,,,,,,,,,,,,,,,,,,,,
12-2,,1,,1,,,,,1,,,,,,,,,,,,,,,,,,,,,,,,,,,,
12-3,,,,,,,,,,,,,,,,,,,,,,,,,,,,,,,,,,,,,
12-4,,1,,,,,,,,,,,1,,,,,,,,,,,,,,,,,,,,,,,,
12-5,,1,,,,1,1,,,,,,,,,,,,,,,,,,,,,,,,,,,,,,
12-6,,1,,,,1,1,,,,,,,,,,,,,,,,,,,,,,,,,,,,,,
12-7,,,,,,1,,,,,,,,,,,,,,,,,,,,,,,,,,,,,,,
12-8,,1,,,,2,1,,,,,,,,,,,,,,,,,,,,,,,,,,,,,,
12-9,,1,,,,,,,,1,,,,,,,,,,,,,,,,,,,,,,,,,,,
12-10,,,,,,,,,,,,,,,,,,,,,,,,,,,,,,,,,,,,,
12-11,,,,,,2,,,,,,,,,,,,,,,,,,,,,,,,,,,,,,,
12-12,,,,,,,,,,,,,,,,,,,,,,,,,,,,,,,,,,,,,
12-13,,,,,,,,,,,,,,,,,,,,,,,,,,,,,,,,,,,,,
12-14,1,1,,,1,,,,,,,,1,,,,,,,,,,,,,,,,,,,,,,,,
12-15,,,,2,,,,,,,,,,,,,,,,,,,,,,,,,,,,,,,,,
12-16,2,2,1,,,1,1,,1,,,,,,,1,,,,,,,,,,,,,,,,,,,,,
12-17,,1,,,,1,1,,,,,,,,,,,,,,,,,,,,,,,,,,,,,,
12-18,,1,,,,,1,,,,,,,,,,,,,,,,,,,,,,,,,,,,,,
12-19,,,,,,,,,,,,,,,,,,,,,,,,,,,,,,,,,,,,,
12-20,1,,,,,,,,,,,,,,,,,,,,,,,,,,,,,,,,,,,,
12-21,,,,,,,,,,,,,,,,,,,,,,,,,,,,,,,,,,,,,
12-22,,1,,2,,1,,,,,,,1,,,,,,,,,,,,,,,,,,,,,,,,
12-23,,,,,,,,,,,,,,,,,,,,,,,,,,,,,,,,,,,,,
12-24,,,,,,1,,,,,,,,,,,,,,,,,,,,,,,,,,,,,,,
,,,,,,,,,,,,,,,,,,,,,,,,,,,,,,,,,,,,,
13-1,1,1,1,,,,1,,,,,,,,,,,,1,,,,,,,,,,,,,,,,,,
13-2,,,,,,,,,,,,,,,,,,,,,,,,,,,,,,,,,,,,,
13-3,,1,1,,,,,,1,,,,,,,,,,,,,,,,,,,,,,,,,,1,,
13-4,1,,,,1,2,,,,,,,,,,,,,,,,,,,,,,,,,,,,,,,
13-5,,,,1,2,4,,,,,,,,,,,,,,,,,,,,,,,,,,,,,,,
13-6,,,,,,,,,,,,,,,,,,,,,,,,,,,,,,,,,,,,,
13-7,,,,1,,,,,,,,,,,,,,,,,,,,,,,,,,,,,,,,,
13-8,,,,,,,,,,,,,,,,,,,,,,,,,,,,,,,,,,,,,
13-9,,,,,,,,,,,,,,,,,,,,,,,,,,,,,,,,,,,,,
13-10,1,1,,,,,1,,,,,,,,,,,,,,,,,,,,,,,,,,,,,,
13-11,,,,1,,1,,,,,,,,,,,,,,,,,,,,,,,,,,,,,,,
13-12,,,,3,,,,,,,,,,,,,,,,,,,,,,,,,,,,,,,,,
13-13,,,,1,1,,,,,,,,,,,,,,,,,,,,,,,,,,,,,,,,
13-14,,,,,,,,,,,,,,,,,,,,,,,,,,,,,,,,,,,,,
13-15,,,,,,,,,,,,,,,,,,,,,,,,,,,,,,,,,,,,,
13-16,,,,,,,,,,,,,,,,,,,,,,,,,,,,,,,,,,,,,
13-17,,1,,,,,,,,,,1,,,,,,,,,,,,,,,,,,,,,,,,,
13-18,,,,,,1,,,,,,,,,,,,,,,,,,,,,,,,,,,,,,,
13-19,1,3,1,,,,1,,,2,,,,,1,,,,,,,,,,,,,,,,,,,,,,
13-20,,,,,,1,,,,,,,,,,,,,,,,,,,,,,,,,,,,,,,
13-21,1,3,1,,,2,,,3,,,,,,,1,,,,,,,,,,,,,,,,,,,,,
13-22,,,,,,,,,,,,,,,,,,,,,,,,,,,,,,,,,,,,,
13-23,,,,,,,,,,,,,,,,,,,,,,,,,,,,,,,,,,,,,
13-24,,,,,,,,,,,,,,,,,,,,,,,,,,,,,,,,,,,,,
13-25,,,1,,,,,,,,,,,,,,,,,,1,,,,,,,,,,,,,,,,
,,,,,,,,,,,,,,,,,,,,,,,,,,,,,,,,,,,,,
14-1,1,,,1,,3,,,,,,,,,,,,,,,,,,,,,,,,,,,,,,,
14-2,,1,,,,1,,,,,,,1,,,,,,,,,,,,,,,,,,,,,,,,
14-3,,,,,,,,,,,,,,,,,,,,,,,,,,,,,,,,,,,,,
14-4,,1,1,2,,,1,,,,,,,,1,,,,,,,,,,,,,,,,,,,,,,
14-5,,,,,,,,,,,,,,,,,,,,,,,,,,,,,,,,,,,,,
14-6,,,,,,,,,,,,,,,,,,,,,,,,,,,,,,,,,,,,,
14-7,,,,,,,,,,,,,,,,,,,,,,,,,,,,,,,,,,,,,
14-8,,,,,,,,,,,,,,,,,,,,,,,,,,,,,,,,,,,,,
14-9,,1,2,,,,,,,1,,,,,,,,,,,,,,,,,,,2,,,,,,,,
14-10,,,1,,1,1,,,,,,,,,,,,,,,,,,,,,,,1,,,,,,,,
14-11,,,,,,1,,,,,,,,,,,,,,,,,,,,,,,,,,,,,,,
,,,,,,,,,,,,,,,,,,,,,,,,,,,,,,,,,,,,,
15-01,3,4,4,1,1,3,3,,,,,1,,,,,1,1,1,,,,,,,,,,,,,,,,1,,
15-02,0,2,2,2,0,7,2,,,,,,,,,1,,,,1,,,,,,,,,,,,,,,,,
15-03,0,0,0,1,0,0,,,,,,,,,,,,,,,,,,,,,,,,,,,,,,,
15-04,4,6,2,3,1,4,3,,,,2,1,,,,1,,,,,,,,,,,,,,,,,1,,,,
15-05,0,1,1,1,2,7,1,,,,,,,,,,,,,,,,,,,,,1,,,,,,,,,
15-06,2,4,0,2,2,14,2,,,1,,,1,,,,,,,,,,,,,,,,,,,,,,,,
15-07,1,0,1,1,0,0,,,,,,,,,,,,,,1,,,,,,,,,,,,,,,,,
15-08,0,1,0,1,0,4,,,,,1,,,,,,,,,,,,,,,,,,,,,,,,,,
15-09,3,5,4,3,1,9,,1,2,1,,,1,,,1,,,,,1,,,,,,,,2,,,,,,,,
15-10,2,1,0,0,0,0,,,1,,,,,,,,,,,,,,,,,,,,,,,,,,,,
15-11,0,1,0,1,0,0,1,,,,,,,,,,,,,,,,,,,,,,,,,,,,,,
15-12,0,3,4,1,0,1,1,1,,,,1,,,,1,,,2,,,,,,,,,,1,,,,,,,,
15-13,2,1,0,1,0,1,1,,,,,,,,,,,,,,,,,,,,,,,,,,,,,,
15-14,0,2,4,1,1,9,2,,,,,,,,,1,,1,,,1,,1,,,,,,,,,,,,,,
15-15,0,1,1,2,0,1,1,,,,,,,,,,,1,,,,,,,,,,,,,,,,,,,
15-16,0,2,0,1,2,8,1,,,,,,1,,,,,,,,,,,,,,,,,,,,,,,,
15-17,2,3,2,1,4,5,2,,,,,,1,,,,,,,,,,,,,,,,,,,1,,,1,,
15-18,0,1,3,1,0,3,,,1,,,,,,2,,,,,,,,,,,,,,,1,,,,,,,
15-19,0,6,1,1,1,5,6,,,,,,,,,,,,,,,,,,,,,,,1,,,,,,,
,,,,,,,,,,,,,,,,,,,,,,,,,,,,,,,,,,,,,
16-1,1,0,0,0,0,0,,,,,,,,,,,,,,,,,,,,,,,,,,,,,,,
16-2,0,0,0,0,0,0,,,,,,,,,,,,,,,,,,,,,,,,,,,,,,,
16-3,2,1,0,3,0,0,,,1,,,,,,,,,,,,,,,,,,,,,,,,,,,,
16-4,0,0,0,2,0,1,,,,,,,,,,,,,,,,,,,,,,,,,,,,,,,
16-5,0,0,0,0,0,0,,,,,,,,,,,,,,,,,,,,,,,,,,,,,,,
16-6,0,0,0,0,0,0,,,,,,,,,,,,,,,,,,,,,,,,,,,,,,,
16-7,0,0,0,0,0,0,,,,,,,,,,,,,,,,,,,,,,,,,,,,,,,
16-8,0,0,0,0,0,0,,,,,,,,,,,,,,,,,,,,,,,,,,,,,,,
16-9,1,0,0,0,0,0,,,,,,,,,,,,,,,,,,,,,,,,,,,,,,,
16-10,0,0,0,0,0,0,,,,,,,,,,,,,,,,,,,,,,,,,,,,,,,
16-11,0,0,0,0,0,0,,,,,,,,,,,,,,,,,,,,,,,,,,,,,,,
16-12,0,0,0,0,0,1,,,,,,,,,,,,,,,,,,,,,,,,,,,,,,,
16-13,0,0,0,0,0,0,,,,,,,,,,,,,,,,,,,,,,,,,,,,,,,
16-14,0,0,0,1,0,0,,,,,,,,,,,,,,,,,,,,,,,,,,,,,,,
16-15,0,0,0,0,0,0,,,,,,,,,,,,,,,,,,,,,,,,,,,,,,,
16-16,0,1,0,0,0,0,,,,,,,1,,,,,,,,,,,,,,,,,,,,,,,,
16-17,0,0,0,1,0,0,,,,,,,,,,,,,,,,,,,,,,,,,,,,,,,
16-18,1,0,1,0,0,0,,,,,,,,,,,,,,,,,,,,,,,,,1,,,,,,
,,,,,,,,,,,,,,,,,,,,,,,,,,,,,,,,,,,,,
17-1,,,,,,,,,,,,,,,,,,,,,,,,,,,,,,,,,,,,,
17-2,,,,,,,,,,,,,,,,,,,,,,,,,,,,,,,,,,,,,
17-3,,,,,,,,,,,,,,,,,,,,,,,,,,,,,,,,,,,,,
17-4,1,22,,1,,,22,,,,,,,,,,,,,,,,,,,,,,,,,,,,,,
17-5,,1,,1,,,1,,,,,,,,,,,,,,,,,,,,,,,,,,,,,,
17-6,,,,,,,,,,,,,,,,,,,,,,,,,,,,,,,,,,,,,
17-7,,,,,,,,,,,,,,,,,,,,,,,,,,,,,,,,,,,,,
17-8,,,1,,1,,,,,,,,,,,,,,,,,,,,1,,,,,,,,,,,,
17-9,,,,,,,,,,,,,,,,,,,,,,,,,,,,,,,,,,,,,
17-10,,,,1,,1,,,,,,,,,,,,,,,,,,,,,,,,,,,,,,,
17-11,2,,,,1,,,,,,,,,,,,,,,,,,,,,,,,,,,,,,,,
17-12,,,,,1,,,,,,,,,,,,,,,,,,,,,,,,,,,,,,,,
17-13,,,,,,,,,,,,,,,,,,,,,,,,,,,,,,,,,,,,,
17-14,,,,1,,,,,,,,,,,,,,,,,,,,,,,,,,,,,,,,,
17-15,,,,4,,,,,,,,,,,,,,,,,,,,,,,,,,,,,,,,,
17-16,,,,,,,,,,,,,,,,,,,,,,,,,,,,,,,,,,,,,
17-17,,,,,,,,,,,,,,,,,,,,,,,,,,,,,,,,,,,,,
17-18,,,,,,,,,,,,,,,,,,,,,,,,,,,,,,,,,,,,,
17-19,,,,,,1,,,,,,,,,,,,,,,,,,,,,,,,,,,,,,,
17-20,,,,,,,,,,,,,,,,,,,,,,,,,,,,,,,,,,,,,
17-21,,,,1,,1,,,,,,,,,,,,,,,,,,,,,,,,,,,,,,,
17-22,,,1,1,,2,,,,,,,,,,1,,,,,,,,,,,,,,,,,,,,,
17-23,,,,,,1,,,,,,,,,,,,,,,,,,,,,,,,,,,,,,,
17-24,,,2,,,,,,,,,,,,1,1,,,,,,,,,,,,,,,,,,,,,
17-25,,,,,,,,,,,,,,,,,,,,,,,,,,,,,,,,,,,,,
17-26,,,,,,,,,,,,,,,,,,,,,,,,,,,,,,,,,,,,,
17-27,1,,,,,,,,,,,,,,,,,,,,,,,,,,,,,,,,,,,,
17-28,,,,,,,,,,,,,,,,,,,,,,,,,,,,,,,,,,,,,
17-29,,1,,,,,,,,,,,1,,,,,,,,,,,,,,,,,,,,,,,,
,,,,,,,,,,,,,,,,,,,,,,,,,,,,,,,,,,,,,
18-1,2,2,1,5,2,1,2,,,,,,,,1,,,,,,,,,,,,,,,,,,,,,,
18-2,3,1,3,1,1,6,,1,,,,,,,,,,,,,,,,,,,,,1,,1,,,,1,,
18-3,1,1,,,,,,,,1,,,,,,,,,,,,,,,,,,,,,,,,,,,
18-4,2,3,2,2,1,3,,,2,1,,,,,,,,,,,,,,,,,1,,,1,,,,,,,
18-5,2,5,2,4,1,4,2,1,,2,,,,,,,,,,,,,,,,,1,1,,,,,,,,,
18-6,1,1,,5,1,7,,,,,1,,,,,,,,,,,,,,,,,,,,,,,,,,
18-7,,1,2,2,2,1,1,,,,,,,,1,,,,,,,,1,,,,,,,,,,,,,,
18-8,,,,,,,,,,,,,,,,,,,,,,,,,,,,,,,,,,,,,
18-9,,2,1,,0,3,1,1,,,,,,,,,,,1,,,,,,,,,,,,,,,,,,
18-10,3,5,2,2,,2,3,,1,1,,,,,,1,,,,,,,,,,,,,,,,,,1,,,
18-11,1,6,3,3,,5,2,,2,2,,,,,1,,,,,,1,,,,,,,,1,,,,,,,,
18-12,,4,4,3,2,8,2,1,,1,,,,,,,1,1,,,,,,,,,,,,2,,,,,,,
18-13,1,,,,,1,,,,,,,,,,,,,,,,,,,,,,,,,,,,,,,
18-14,1,1,1,,,2,,,,1,,,,,,,,,,,,,,,,,1,,,,,,,,,,
18-15,,1,,,,1,,,,1,,,,,,,,,,,,,,,,,,,,,,,,,,,
18-16,1,3,1,1,,2,1,1,,,,,1,,1,,,,,,,,,,,,,,,,,,,,,,
18-17,,3,1,,2,,2,,,,1,,,,,1,,,,,,,,,,,,,,,,,,,,,
,,,,,,,,,,,,,,,,,,,,,,,,,,,,,,,,,,,,,
19-1,0,3,1,0,0,0,2,1,,,,,,,,,,,,,,,,,,,,,,1,,,,,,,
19-2,1,1,0,2,,,,,1,,,,,,,,,,,,,,,,,,,,,,,,,,,,
19-3,,,,,,,,,,,,,,,,,,,,,,,,,,,,,,,,,,,,,
19-4,,,1,,,,,,,,,,,,,,,,,1,,,,,,,,,,,,,,,,,
19-5,,,,,,1,,,,,,,,,,,,,,,,,,,,,,,,,,,,,,,
19-6,,,,,1,,,,,,,,,,,,,,,,,,,,,,,,,,,,,,,,
19-7,1,,1,,,,,,,,,,,,,,,1,,,,,,,,,,,,,,,,,,,
19-8,2,2,,1,,,,,,,1,1,,,,,,,,,,,,,,,,,,,,,,,,,
19-9,,,,1,,,,,,,,,,,,,,,,,,,,,,,,,,,,,,,,,
19-10,1,1,,,,,1,,,,,,,,,,,,,,,,,,,,,,,,,,,,,,
19-11,2,1,1,1,,,,,,,,,1,,,,,,,,,,,,,,,,,,,,,,1,,
19-12,1,,2,1,,,,,,,,,,,,1,,,,1,,,,,,,,,,,,,,,,,
19-13,3,1,,,,,,,,,,,1,,,,,,,,,,,,,,,,,,,,,,,,
19-14,,1,,,,,,,,,,,1,,,,,,,,,,,,,,,,,,,,,,,,
19-15,,,,,,,,,,,,,,,,,,,,,,,,,,,,,,,,,,,,,
19-16,,,,,,,,,,,,,,,,,,,,,,,,,,,,,,,,,,,,,
19-17,,1,,,,,,,,,,,1,,,,,,,,,,,,,,,,,,,,,,,,
19-18,,,,,,,,,,,,,,,,,,,,,,,,,,,,,,,,,,,,,
19-19,,,,,,,,,,,,,,,,,,,,,,,,,,,,,,,,,,,,,
,,,,,,,,,,,,,,,,,,,,,,,,,,,,,,,,,,,,,
20-1,0,0,1,2,0,0,,,,,,,,,,,,,,,,,,1,,,,,,,,,,,,,
20-2,0,0,0,0,0,0,,,,,,,,,,,,,,,,,,,,,,,,,,,,,,,
20-3,0,0,0,0,0,0,,,,,,,,,,,,,,,,,,,,,,,,,,,,,,,
20-4,0,0,0,1,0,1,,,,,,,,,,,,,,,,,,,,,,,,,,,,,,,
20-5,0,0,0,0,0,0,,,,,,,,,,,,,,,,,,,,,,,,,,,,,,,
20-6,1,0,0,0,0,0,,,,,,,,,,,,,,,,,,,,,,,,,,,,,,,
20-7,1,1,1,0,0,0,1,,,,,,,,,,,,,,,,,,1,,,,,,,,,,,,
20-8,0,0,0,0,0,0,,,,,,,,,,,,,,,,,,,,,,,,,,,,,,,
20-9,0,0,0,0,0,0,,,,,,,,,,,,,,,,,,,,,,,,,,,,,,,
20-10,0,0,0,1,0,2,,,,,,,,,,,,,,,,,,,,,,,,,,,,,,,
20-11,0,0,0,0,0,0,,,,,,,,,,,,,,,,,,,,,,,,,,,,,,,
,,,,,,,,,,,,,,,,,,,,,,,,,,,,,,,,,,,,,
21-1,1,1,,4,1,7,,1,,,,,,,,,,,,,,,,,,,,,,,,,,,,,
21-2,2,4,2,4,2,6,2,,1,1,,,,,,,,,1,,,,,,,,,,,1,,,,,,,
21-3,1,1,1,2,1,3,,,,,1,,,,,,,,,,,,,,,,,,,1,,,,,,,
21-4,,3,,,1,4,1,,,,,,2,,,,,,,,,,,,,,,,,,,,,,,,
21-5,1,3,6,7,6,18,1,,1,,,1,,,1,2,,,,,,1,,,,,1,,,,,,,,1,,
21-6,1,3,2,1,4,2,1,,,,,2,,,1,,1,,,,,,,,,,,,,,,,,,,,
21-7,1,1,,2,1,1,,1,,,,,,,,,,,,,,,,,,,,,,,,,,,,,
21-8,,3,1,2,,3,1,,,1,,,1,,,,,1,,,,,,,,,,,,,,,,,,,
21-9,,1,1,1,2,4,1,,,,,,,,,,,,,,,,,,,,,,,,1,,,,,,
21-10,1,2,6,4,1,3,,,1,,,,1,,,2,,1,1,,1,,,,,,1,,,,,,,,,,
21-11,1,2,,1,,3,1,1,,,,,,,,,,,,,,,,,,,,,,,,,,,,,
21-12,,2,,2,,7,2,,,,,,,,,,,,,,,,,,,,,,,,,,,,,,
21-13,,1,2,1,7,7,,,,,,,1,,,,,,,,,,,,,,,,,,1,,,,1,,
21-14,1,5,1,2,1,2,2,,1,1,,,1,,,,,,,,,,,,,,,,,,,,,1,,,
21-15,1,1,2,4,3,8,,,,,,1,,,1,,,,,,1,,,,,,,,,,,,,,,,
21-16,,1,2,7,1,7,1,,,,,,,,,,1,,,,,,,,,1,,,,,,,,,,,
21-17,,2,4,1,1,7,1,,1,,,,,,,1,,,,,,,,,,,,,,,,3,,,,,
21-18,3,4,3,2,,3,,,1,,,,3,,,1,,,,,,,,,,,,,,1,,1,,,,,
21-19,,4,,3,,4,3,,,1,,,,,,,,,,,,,,,,,,,,,,,,,,,
21-20,2,2,2,3,3,4,2,,,,,,,,1,1,,,,,,,,,,,,,,,,,,,,,
21-21,1,3,1,8,2,7,2,,,1,,,,,1,,,,,,,,,,,,,,,,,,,,,,
21-22,3,7,2,11,1,16,4,1,2,,,,,,,,,,,,,,,,1,,,,,1,,,,,,,
21-23,,2,,0,2,4,,,1,,,1,,,,,,,,,,,,,,,,,,,,,,,,,
21-24,,,2,2,3,5,,,,,,,,,,,1,,,,,,,1,,,,,,,,,,,,,
21-25,4,5,4,12,1,7,4,,,,,1,,,,,1,,1,,,,,,,,,1,,,,1,,,,,
21-26,,7,3,4,1,10,3,,1,1,,1,1,,1,,,,1,,,,,,,,,,,,,,,,1,,
21-27,,1,,2,2,5,1,,,,,,,,,,,,,,,,,,,,,,,,,,,,,,
21-28,,5,2,6,1,7,2,,1,2,,,,,,,,,,1,1,,,,,,,,,,,,,,,,
21-29,1,7,1,8,2,11,3,,2,1,,1,,,,,,,,,,,,,,,,,,,,,1,,,,
21-30,1,5,3,1,2,5,,,2,2,,,1,,,,1,1,,,,,,,,,,,,,,,1,,,,
21-31,2,5,4,2,2,13,2,,2,,1,,,,,,1,,,,,,,,,,,,,2,,1,,,,,
21-32,2,1,3,4,5,10,,,,,,,1,,1,1,,,,,,,,,,,,,,,,,,,1,,
21-33,5,11,7,10,6,12,6,3,1,,,1,,,,,,,,,2,,,,,2,1,,,1,,,,,1,,
21-34,3,7,3,7,9,19,3,2,,,,2,,,1,,,,,,,,,,,,2,,,,,,,,,,
21-35,2,1,1,5,2,2,1,,,,,,,,,,,1,,,,,,,,,,,,,,,,,,,
21-36,,2,1,4,2,6,1,,,1,,,,,,,,,,,,,,,,,,,,,,,,,,1,
21-37,4,3,,3,2,5,,,1,1,,1,,,,,,,,,,,,,,,,,,,,,,,,,
21-38,2,3,6,6,3,16,2,,,1,,,,,,,,3,,,,,,,,,,,,1,,,1,,1,,
21-39,1,3,2,3,3,19,2,,1,,,,,,,,,,,1,1,,,,,,,,,,,,,,,,
21-40,4,6,5,3,1,9,3,,1,,,1,1,,,1,1,,,1,1,,,,,1,,,,,,,,,,,
21-41,4,11,7,4,1,14,4,4,1,,2,,,,1,,,1,,,,,,,,1,2,,,,,,1,,1,,
21-42,3,4,2,7,7,9,1,2,,,1,,,,1,,1,,,,,,,,,,,,,,,,,,,,
21-43,,3,1,9,3,8,1,,,2,,,,,,,,,,,,,,,,,,,,,,1,,,,,
21-44,3,10,4,9,7,13,6,,1,,2,1,,,,1,1,,,,,,,,,,,,,,2,,,,,,
21-45,4,6,8,7,2,17,2,1,1,,1,,1,,,1,,1,1,,,,,,,2,,,,2,,,,1,,,
,,,,,,,,,,,,,,,,,,,,,,,,,,,,,,,,,,,,,
22-1,0,2,1,2,0,6,,1,1,,,,,,,,,,,,,,,,,,,,,,,,1,,,,
22-2,0,1,0,1,0,5,1,,,,,,,,,,,,,,,,,,,,,,,,,,,,,,
22-3,,2,,,1,2,,,1,,,,1,,,,,,,,,,,,,,,,,,,,,,,,
22-4,,,,,,,,,,,,,,,,,,,,,,,,,,,,,,,,,,,,,
22-5,,2,1,,,1,1,,,,,,1,,,1,,,,,,,,,,,,,,,,,,,,,
22-6,,2,,2,,3,1,,1,,,,,,,,,,,,,,,,,,,,,,,,,,,,
22-7,,6,1,,,3,,,5,,,,1,,,,,,,,,,,,,1,,,,,,,,,,,
22-8,,1,1,,,,,,,,1,,,,,,,,,,,,,,,,,,,,,,,,1,,
22-9,,1,,,,,,,1,,,,,,,,,,,,,,,,,,,,,,,,,,,,
22-10,,1,,,,1,,,,1,,,,,,,,,,,,,,,,,,,,,,,,,,,
22-11,,3,,2,1,3,,,1,,,2,,,,,,,,,,,,,,,,,,,,,,,,,
22-12,,,,,,1,,,,,,,,,,,,,,,,,,,,,,,,,,,,,,,
22-13,,,,,,,,,,,,,,,,,,,,,,,,,,,,,,,,,,,,,
22-14,,2,,,1,,1,,1,,,,,,,,,,,,,,,,,,,,,,,,,,,,
22-15,,,,1,,,,,,,,,,,,,,,,,,,,,,,,,,,,,,,,,
22-16,,,,,,2,,,,,,,,,,,,,,,,,,,,,,,,,,,,,,,
22-17,,,,,,,,,,,,,,,,,,,,,,,,,,,,,,,,,,,,,
22-18,,,,1,,1,,,,,,,,,,,,,,,,,,,,,,,,,,,,,,,
22-19,,,,1,,1,,,,,,,,,,,,,,,,,,,,,,,,,,,,,,,
22-20,,,,,,,,,,,,,,,,,,,,,,,,,,,,,,,,,,,,,
22-21,,,,,,,,,,,,,,,,,,,,,,,,,,,,,,,,,,,,,
22-22,1,1,,,,,1,,,,,,,,,,,,,,,,,,,,,,,,,,,,,,
22-23,,,,1,,1,,,,,,,,,,,,,,,,,,,,,,,,,,,,,,,
22-24,0,0,0,1,0,1,,,,,,,,,,,,,,,,,,,,,,,,,,,,,,,
22-25,0,0,0,0,0,0,,,,,,,,,,,,,,,,,,,,,,,,,,,,,,,
22-26,2,1,2,0,0,3,,,,,,,1,,,,,,,,,,,,,,,,,,,2,,,,,
22-27,0,0,0,1,0,0,,,,,,,,,,,,,,,,,,,,,,,,,,,,,,,
22-28,,,,1,,,,,,,,,,,,,,,,,,,,,,,,,,,,,,,,,
22-29,,1,,,,,,,,,1,,,,,,,,,,,,,,,,,,,,,,,,,,
,,,,,,,,,,,,,,,,,,,,,,,,,,,,,,,,,,,,,
23-1,0,2,1,1,0,0,2,,,,,,,,,1,,,,,,,,,,,,,,,,,,,,,
23-2,0,3,0,1,0,1,1,,,,1,,1,,,,,,,,,,,,,,,,,,,,,,,,
23-3,0,0,0,0,0,1,,,,,,,,,,,,,,,,,,,,,,,,,,,,,,,
23-4,1,2,1,5,2,2,,,,,,1,1,,,,,,,,1,,,,,,,,,,,,,,,,
23-5,1,0,1,1,2,2,,,,,,,,,,1,,,,,,,,,,,,,,,,,,,,,
23-6,1,0,0,1,0,4,,,,,,,,,,,,,,,,,,,,,,,,,,,,,,,
23-7,0,0,0,0,1,3,,,,,,,,,,,,,,,,,,,,,,,,,,,,,,,
23-8,1,1,2,2,0,3,,,,1,,,,,,,,,,,,,,,,,1,,,,,,1,,,,
23-9,2,2,3,6,2,12,,,1,,,1,,,,,1,,,,,,,,,,,,1,,,,1,,,,
23-10,0,3,4,7,3,11,2,,,,,,1,,,1,,1,,,,,,,,,,,2,,,,,,,,
23-11,1,2,0,1,0,0,2,,,,,,,,,,,,,,,,,,,,,,,,,,,,,,
23-12,1,0,0,0,0,0,,,,,,,,,,,,,,,,,,,,,,,,,,,,,,,
23-13,0,4,4,3,1,6,2,,1,,1,,,,1,1,,,,1,,,,,,1,,,,,,,,,,,
23-14,4,0,5,5,1,6,,,,,,,,,,1,,,,,2,1,,,,,,,,,,,,1,,,
23-15,1,1,0,4,0,3,,,,,,,1,,,,,,,,,,,,,,,,,,,,,,,,
23-16,0,2,0,0,0,0,1,,,,,,1,,,,,,,,,,,,,,,,,,,,,,,,
23-17,0,2,1,1,0,1,1,,,,,,1,,,1,,,,,,,,,,,,,,,,,,,,,
23-18,0,1,0,0,0,0,,,,,,,1,,,,,,,,,,,,,,,,,,,,,,,,
23-19,1,3,0,0,0,0,,1,1,,,1,,,,,,,,,,,,,,,,,,,,,,,,,
23-20,1,1,0,2,0,1,,1,,,,,,,,,,,,,,,,,,,,,,,,,,,,,
23-21,0,1,0,2,0,2,,,,,,,1,,,,,,,,,,,,,,,,,,,,,,,,
23-22,0,0,1,1,1,3,,,,,,,,,,,1,,,,,,,,,,,,,,,,,,,,
23-23,0,2,0,1,0,0,,,1,,,,1,,,,,,,,,,,,,,,,,,,,,,,,
,,,,,,,,,,,,,,,,,,,,,,,,,,,,,,,,,,,,,
24-01,0,3,1,1,1,1,2,,,,,1,,,,,,,,,,,,,,,,,1,,,,,,,,
24-02,0,1,1,0,0,0,1,,,,,,,,,,,,,1,,,,,,,,,,,,,,,,,
24-03,0,0,1,0,0,0,,,,,,,,,,1,,,,,,,,,,,,,,,,,,,,,
24-04,0,1,0,0,0,0,1,,,,,,,,,,,,,,,,,,,,,,,,,,,,,,
24-05,0,2,0,2,1,6,2,,,,,,,,,,,,,,,,,,,,,,,,,,,,,,
24-06,0,2,0,0,0,4,1,,1,,,,,,,,,,,,,,,,,,,,,,,,,,,,
24-07,0,0,0,0,0,0,,,,,,,,,,,,,,,,,,,,,,,,,,,,,,,
24-08,0,1,0,0,1,1,,,,,1,,,,,,,,,,,,,,,,,,,,,,,,,,
24-09,0,0,0,0,0,1,,,,,,,,,,,,,,,,,,,,,,,,,,,,,,,
24-10,0,0,0,0,0,0,,,,,,,,,,,,,,,,,,,,,,,,,,,,,,,
24-11,0,1,0,0,0,2,,,,,,,1,,,,,,,,,,,,,,,,,,,,,,,,
24-12,0,1,0,0,1,0,,,,1,,,,,,,,,,,,,,,,,,,,,,,,,,,
24-13,0,0,0,2,0,1,,,,,,,,,,,,,,,,,,,,,,,,,,,,,,,
24-14,0,1,0,0,0,0,,,,,,,1,,,,,,,,,,,,,,,,,,,,,,,,
24-15,0,0,0,0,0,1,,,,,,,,,,,,,,,,,,,,,,,,,,,,,,,
24-16,0,0,0,0,0,0,,,,,,,,,,,,,,,,,,,,,,,,,,,,,,,
24-17,0,0,0,0,0,0,,,,,,,,,,,,,,,,,,,,,,,,,,,,,,,
24-18,0,0,1,0,0,1,,,,,,,,,,,,,,,,,,,,,,,,,,1,,,,,
24-19,0,1,0,0,0,0,,,,,,,1,,,,,,,,,,,,,,,,,,,,,,,,
,,,,,,,,,,,,,,,,,,,,,,,,,,,,,,,,,,,,,
25-1,0,5,2,7,0,3,3,,,2,,,,,,,,,,,,,,,2,,,,,,,,,,,,
25-2,1,2,1,3,1,2,2,,,,,,,,,,,,,1,,,,,,,,,,,,,,,,,
25-3,1,5,5,17,1,6,2,,,1,,1,1,,,1,,,,,,,,,,1,1,,,,1,1,,,,,
25-4,3,3,2,1,1,4,1,,1,,,,1,,,,,,1,,,,,,,,,,,,1,,,,,,
25-5,9,4,5,10,2,11,2,1,,,1,,,,,,2,,2,,,,,,,,,,,1,,,,,,,
25-6,4,6,4,7,1,5,2,,3,1,,,,,,2,,2,,,,,,,,,,,,,,,,,,,
25-7,1,10,5,12,1,7,2,,7,,1,,,,1,,,,,,1,,,,,2,,,,1,,,,,,,
25-8,2,4,3,9,0,3,2,1,1,,,,,,,,,,,,,,,,,1,,,,1,,,1,,,,
25-9,1,0,0,1,0,1,,,,,,,,,,,,,,,,,,,,,,,,,,,,,,,
25-10,3,5,3,10,0,5,3,,1,1,,,,,,,,,,1,,,,,,,,,,1,1,,,,,,
25-11,1,3,3,7,1,3,2,,,,,,1,,,1,,,,,,,,,,,,,,2,,,,,,,
25-12,2,5,3,15,0,6,2,,2,,,,1,,,,,,,,,,,,,,,,,,,,2,1,,,
25-13,0,0,0,0,0,0,,,,,,,,,,,,,,,,,,,,,,,,,,,,,,,
25-14,0,0,0,0,0,0,,,,,,,,,,,,,,,,,,,,,,,,,,,,,,,
25-15,2,2,0,2,0,0,1,1,,,,,,,,,,,,,,,,,,,,,,,,,,,,,
25-16,0,2,0,0,0,3,1,,1,,,,,,,,,,,,,,,,,,,,,,,,,,,,
25-17,0,1,1,0,0,0,1,,,,,,,,,1,,,,,,,,,,,,,,,,,,,,,
25-18,0,1,0,0,0,3,,1,,,,,,,,,,,,,,,,,,,,,,,,,,,,,
25-19,0,0,0,2,0,1,,,,,,,,,,,,,,,,,,,,,,,,,,,,,,,
25-20,1,0,0,1,0,2,,,,,,,,,,,,,,,,,,,,,,,,,,,,,,,
25-21,2,2,0,1,0,0,,1,,,,,1,,,,,,,,,,,,,,,,,,,,,,,,
25-22,0,2,2,9,4,1,1,1,,,,,,,,,,,,,,,,,,1,,,,,,1,,,,,
25-23,0,0,1,5,2,3,,,,,,,,,,,,,,,1,,,,,,,,,,,,,,,,
25-24,1,4,1,4,0,2,1,,1,1,,,1,,,,1,,,,,,,,,,,,,,,,,,,,
,,,,,,,,,,,,,,,,,,,,,,,,,,,,,,,,,,,,,
26-1,,4,2,6,2,5,2,,1,1,,,,,,,,,,1,,,,,,,,,,,,1,,,,,
26-2,4,9,4,8,3,4,5,,,,,4,,,1,,,,,,,,,,,,3,,,,,,,,,,
26-3,5,7,5,5,1,8,1,,2,2,,2,,,,2,,,1,,,,,,,,,,,,,,1,1,,,
26-4,6,2,3,,,6,,2,,,,,,,,,,,,,,,,,,,,,,,,,2,,1,,
26-5,7,4,2,8,1,2,1,1,1,,,1,,,,,,,,,1,,,,,,1,,,,,,,,,,
26-6,9,5,1,5,3,11,3,,1,,,1,,,,,1,,,,,,,,,,,,,,,,,,,,
26-7,2,5,3,3,1,5,,2,2,,,1,,,,,1,1,,,1,,,,,,,,,,,,,,,,
26-8,8,7,8,6,8,12,5,1,1,,,,,,,2,,,1,2,1,1,,,,,,,1,,,,,,,,
26-9,4,4,5,5,1,6,1,1,,1,,,1,,,,,,1,,1,,,,,,1,1,,,,,,,1,,
26-10,7,3,,3,2,4,1,,,1,,,1,,,,,,,,,,,,,,,,,,,,,,,,
26-11,,1,1,1,,1,1,,,,,,,,,,1,,,,,,,,,,,,,,,,,,,,
26-12,1,6,2,3,6,7,2,,,1,,2,1,,,,,,,,,,,,,,2,,,,,,,,,,
26-13,3,4,2,2,1,4,1,,2,1,,,,,,1,,,,,,,,,,,,,,,,,1,,,,
26-14,,2,1,6,4,3,2,,,,,,,,,,,,,,,,,,,,,,,,,1,,,,,
26-15,2,2,1,7,1,4,2,,,,,,,,,,,,,,,,,,,,,,,,,,,,1,,
26-16,1,2,,3,4,2,1,,,,,1,,,,,,,,,,,,,,,,,,,,,,,,,
26-17,2,,2,5,,6,,,,,,,,,,,1,,,,,,,,,1,,,,,,,,,,,
26-18,2,3,4,3,,5,1,,,2,,,,,1,,,,,,1,,,,,,,,,1,1,,,,,,
26-19,3,12,4,9,8,6,5,2,1,2,,1,1,,1,2,,,1,,,,,,,,,,,,,,,,,,
26-20,,,,,,,,,,,,,,,,,,,,,,,,,,,,,,,,,,,,,
26-21,8,1,3,5,1,5,,,,,,,1,,,1,,,,,,,,,,1,,,,1,,,,,,,
26-22,1,1,1,3,1,3,,,1,,,,,,1,,,,,,,,,,,,,,,,,,,,,,
26-23,3,5,6,2,5,1,3,,2,,,,,,,2,,1,,1,,,,,,,,,2,,,,,,,,
,,,,,,,,,,,,,,,,,,,,,,,,,,,,,,,,,,,,,
27-1,0,0,0,1,1,2,,,,,,,,,,,,,,,,,,,,,,,,,,,,,,,
27-2,0,3,0,1,0,3,,,,,,3,,,,,,,,,,,,,,,,,,,,,,,,,
27-3,0,0,0,0,1,0,,,,,,,,,,,,,,,,,,,,,,,,,,,,,,,
27-4,0,0,0,0,0,0,,,,,,,,,,,,,,,,,,,,,,,,,,,,,,,
27-5,0,1,0,0,0,1,,,,,,1,,,,,,,,,,,,,,,,,,,,,,,,,
27-6,0,1,0,0,2,2,,1,,,,,,,,,,,,,,,,,,,,,,,,,,,,,
27-7,0,4,1,2,1,2,,,,,,4,,,,,,,1,,,,,,,,,,,,,,,,,,
27-8,0,0,0,0,0,0,,,,,,,,,,,,,,,,,,,,,,,,,,,,,,,
27-9,0,0,1,0,0,0,,,,,,,,,,,,,,,,,,,,,1,,,,,,,,,,
27-10,0,1,0,1,0,0,,,1,,,,,,,,,,,,,,,,,,,,,,,,,,,,
27-11,0,0,0,0,1,1,,,,,,,,,,,,,,,,,,,,,,,,,,,,,,,
27-12,0,3,0,2,0,2,,1,,,,2,,,,,,,,,,,,,,,,,,,,,,,,,
27-13,0,3,1,1,2,0,,,,,,3,,,,,,,,,,,,,,,,,1,,,,,,,,
27-14,0,1,0,0,0,1,,,,,,1,,,,,,,,,,,,,,,,,,,,,,,,,
27-15,0,0,2,0,1,3,,,,,,,,,,,,,,1,,,,,,,,,,,,,,,1,,
27-16,0,0,0,0,0,0,,,,,,,,,,,,,,,,,,,,,,,,,,,,,,,
27-17,0,0,1,0,0,0,,,,,,,,,,,,,1,,,,,,,,,,,,,,,,,,
27-18,0,0,0,0,0,0,,,,,,,,,,,,,,,,,,,,,,,,,,,,,,,
27-19,0,0,0,0,0,0,,,,,,,,,,,,,,,,,,,,,,,,,,,,,,,
27-20,0,1,0,0,0,0,,1,,,,,,,,,,,,,,,,,,,,,,,,,,,,,
27-21,1,0,1,0,0,1,,,,,,,,,,,,,1,,,,,,,,,,,,,,,,,,
27-22,1,0,0,0,0,0,,,,,,,,,,,,,,,,,,,,,,,,,,,,,,,
27-23,0,3,1,1,3,8,,,1,,,2,,,,,,,1,,,,,,,,,,,,,,,,,,
,,,,,,,,,,,,,,,,,,,,,,,,,,,,,,,,,,,,,
28-1,0,0,0,0,0,0,,,,,,,,,,,,,,,,,,,,,,,,,,,,,,,
28-2,0,0,0,0,0,0,,,,,,,,,,,,,,,,,,,,,,,,,,,,,,,
28-3,0,0,0,0,0,0,,,,,,,,,,,,,,,,,,,,,,,,,,,,,,,
28-4,1,1,0,0,0,1,,,,1,,,,,,,,,,,,,,,,,,,,,,,,,,,
28-5,0,0,0,0,0,0,,,,,,,,,,,,,,,,,,,,,,,,,,,,,,,
28-6,0,0,0,0,0,0,,,,,,,,,,,,,,,,,,,,,,,,,,,,,,,
28-7,0,1,0,0,0,0,,1,,,,,,,,,,,,,,,,,,,,,,,,,,,,,
28-8,0,0,0,1,0,0,,,,,,,,,,,,,,,,,,,,,,,,,,,,,,,
28-9,0,0,1,0,0,0,,,,,,,,,,,,,,1,,,,,,,,,,,,,,,,,
28-10,1,0,0,0,0,0,,,,,,,,,,,,,,,,,,,,,,,,,,,,,,,
28-11,0,0,0,0,0,1,,,,,,,,,,,,,,,,,,,,,,,,,,,,,,,
28-12,0,0,0,0,0,0,,,,,,,,,,,,,,,,,,,,,,,,,,,,,,,
28-13,0,0,1,0,0,0,,,,,,,,,,1,,,,,,,,,,,,,,,,,,,,,
28-14,0,0,0,0,0,0,,,,,,,,,,,,,,,,,,,,,,,,,,,,,,,
28-15,0,0,0,0,0,0,,,,,,,,,,,,,,,,,,,,,,,,,,,,,,,
28-16,2,0,0,1,0,0,,,,,,,,,,,,,,,,,,,,,,,,,,,,,,,
28-17,0,0,0,0,0,0,,,,,,,,,,,,,,,,,,,,,,,,,,,,,,,
28-18,0,0,0,0,0,0,,,,,,,,,,,,,,,,,,,,,,,,,,,,,,,
,,,,,,,,,,,,,,,,,,,,,,,,,,,,,,,,,,,,,
29-1,0,0,0,0,0,0,,,,,,,,,,,,,,,,,,,,,,,,,,,,,,,
29-2,0,0,0,0,0,0,,,,,,,,,,,,,,,,,,,,,,,,,,,,,,,
29-3,1,1,0,0,0,0,,,,,,1,,,,,,,,,,,,,,,,,,,,,,,,,
29-4,0,1,1,1,2,0,1,,,,,,,,,,,,,,,,,,1,,,,,,,,,,,,
29-5,0,0,0,0,0,0,,,,,,,,,,,,,,,,,,,,,,,,,,,,,,,
29-6,0,0,0,0,1,1,,,,,,,,,,,,,,,,,,,,,,,,,,,,,,,
29-7,1,2,0,0,0,0,,,1,1,,,,,,,,,,,,,,,,,,,,,,,,,,,
29-8,1,0,0,1,0,0,,,,,,,,,,,,,,,,,,,,,,,,,,,,,,,
29-9,0,1,1,2,0,1,1,,,,,,,,,,,,,,,,,,1,,,,,,,,,,,,
29-10,0,0,0,0,0,2,,,,,,,,,,,,,,,,,,,,,,,,,,,,,,,
29-11,0,1,0,0,0,2,,,1,,,,,,,,,,,,,,,,,,,,,,,,,,,,
29-12,0,0,0,0,0,1,,,,,,,,,,,,,,,,,,,,,,,,,,,,,,,
29-13,0,2,1,1,0,1,,,2,,,,,,,,,,,,,,,,,,,,1,,,,,,,,
29-14,0,1,0,0,0,0,1,,,,,,,,,,,,,,,,,,,,,,,,,,,,,,
29-15,1,0,1,0,0,1,,,,,,,,,,,,,,,,,,,,,,,,,,1,,,,,
29-16,0,0,0,0,0,0,,,,,,,,,,,,,,,,,,,,,,,,,,,,,,,
29-17,0,0,0,0,0,0,,,,,,,,,,,,,,,,,,,,,,,,,,,,,,,
29-18,1,0,0,0,0,0,,,,,,,,,,,,,,,,,,,,,,,,,,,,,,,
,,,,,,,,,,,,,,,,,,,,,,,,,,,,,,,,,,,,,
30-1,2,,1,,,2,,,,,,,,,,,,,,1,,,,,,,,,,,,,,,,,
30-2,1,1,,,,3,,,,,,,1,,,,,,,,,,,,,,,,,,,,,,,,
30-3,,,1,1,,4,,,,,,,,,,,,,,,1,,,,,,,,,,,,,,,,
30-4,,2,,1,,1,1,,1,,,,,,,,,,,,,,,,,,,,,,,,,,,,
30-5,1,,,1,,3,,,,,,,,,,,,,,,,,,,,,,,,,,,,,,,
30-6,1,,2,5,,3,,,,,,,,,,,,,,1,,,,,,,,,1,,,,,,,,
30-7,,3,5,3,1,4,1,1,1,,,,,,,,,,,,,,,,,,,,5,,,,,,,,
30-8,1,1,5,1,,3,,,,,,1,,,,2,,1,,,,,,,,,,,2,,,,,,,,
30-9,1,1,,5,,2,,,1,,,,,,,,,,,,,,,,,,,,,,,,,,,,
30-10,,,2,,,1,,,,,,,,,,,,1,,,,,,,,,,,1,,,,,,,,
30-11,,2,,2,,3,,,2,,,,,,,,,,,,,,,,,,,,,,,,,,,,
30-12,,1,,,1,,1,,,,,,,,,,,,,,,,,,,,,,,,,,,,,,
30-13,1,1,2,,,,,,,,,,1,,,1,,,,,,,,,,,,,,,,,,,1,,
30-14,,1,,,,1,1,,,,,,,,,,,,,,,,,,,,,,,,,,,,,,
30-15,1,1,1,,,1,1,,,,,,,,,,,,,,1,,,,,,,,,,,,,,,,
30-16,,1,2,3,,5,1,,,,,,,,,,,,,,,,,,,,,,2,,,,,,,,
30-17,2,2,2,2,1,7,1,,,,,1,,,,1,,,,,,,,,,,,,,,,1,,,,,
,,,,,,,,,,,,,,,,,,,,,,,,,,,,,,,,,,,,,
31-1,2,,,,,1,,,,,,,,,,,,,,,,,,,,,,,,,,,,,,,
31-2,1,,3,2,,,,,,,,,,,1,,,1,,,,,,,,,,,,1,,,,,,,
31-3,,2,1,1,,5,,,,2,,,,,,,,,,,,,,,,,,,,1,,,,,,,
31-4,1,4,4,8,2,8,2,,,1,,1,,,,1,1,,,,,,,,,,,,,,,2,,,,,
31-5,2,6,2,5,1,5,1,,1,4,,,,,,1,,,,,1,,,,,,,,,,,,,,,,
31-6,4,3,4,3,,1,,,,,,1,2,,1,,,,,,,1,,,,,,,,1,1,,,,,,
31-7,6,5,2,6,,4,1,1,,3,,,,,,1,1,,,,,,,,,,,,,,,,,,,,
31-8,4,6,1,4,,1,1,2,,2,,1,,,,1,,,,,,,,,,,,,,,,,,,,,
31-9,,1,2,,1,,,,,,,1,,,,,,,,,1,,1,,,,,,,,,,,,,,
31-10,,5,,,,3,1,3,,,,1,,,,,,,,,,,,,,,,,,,,,,,,,
31-11,1,5,,3,1,4,3,2,,,,,,,,,,,,,,,,,,,,,,,,,,,,,
31-12,,1,,2,1,1,,1,,,,,,,,,,,,,,,,,,,,,,,,,,,,,
31-13,,4,2,4,,3,,1,1,2,,,,,,,1,1,,,,,,,,,,,,,,,,,,,
31-14,1,1,2,5,1,7,,1,,,,,,,,,,,,,,,,,,,,1,,,,,,1,,,
31-15,6,6,2,4,1,8,2,1,1,1,,,1,,,1,,1,,,,,,,,,,,,,,,,,,,
31-16,3,12,2,3,2,8,5,2,1,4,,,,,1,,1,,,,,,,,,,,,,,,,,,,,
31-17,2,3,3,,1,7,1,,,,1,,1,,1,,,,,,,,,,,1,,,,,,,,,1,,
31-18,2,12,3,2,,3,,,1,10,,,1,,,,,,,,1,,,,,1,,,,1,,,,,,,
31-19,5,7,6,,1,3,2,,,2,,,3,,,2,1,,,,,,,,,1,,,,1,,,,,1,,
,,,,,,,,,,,,,,,,,,,,,,,,,,,,,,,,,,,,,
32-1,0,0,0,0,0,0,,,,,,,,,,,,,,,,,,,,,,,,,,,,,,,
32-2,0,0,0,2,0,1,,,,,,,,,,,,,,,,,,,,,,,,,,,,,,,
32-3,1,0,0,0,0,1,,,,,,,,,,,,,,,,,,,,,,,,,,,,,,,
32-4,0,0,0,1,0,1,,,,,,,,,,,,,,,,,,,,,,,,,,,,,,,
32-5,0,0,0,0,0,0,,,,,,,,,,,,,,,,,,,,,,,,,,,,,,,
32-6,0,1,0,0,0,0,,,,,,,1,,,,,,,,,,,,,,,,,,,,,,,,
32-7,0,0,0,2,0,0,,,,,,,,,,,,,,,,,,,,,,,,,,,,,,,
32-8,0,0,0,0,0,1,,,,,,,,,,,,,,,,,,,,,,,,,,,,,,,
32-9,0,0,0,0,0,1,,,,,,,,,,,,,,,,,,,,,,,,,,,,,,,
32-10,0,0,0,0,0,0,,,,,,,,,,,,,,,,,,,,,,,,,,,,,,,
32-11,1,0,0,0,0,0,,,,,,,,,,,,,,,,,,,,,,,,,,,,,,,
32-12,0,0,0,0,0,0,,,,,,,,,,,,,,,,,,,,,,,,,,,,,,,
32-13,0,0,0,1,0,0,,,,,,,,,,,,,,,,,,,,,,,,,,,,,,,
32-14,0,0,0,0,0,1,,,,,,,,,,,,,,,,,,,,,,,,,,,,,,,
32-15,0,3,0,0,0,0,,,2,,,,1,,,,,,,,,,,,,,,,,,,,,,,,
32-16,0,0,0,0,0,0,,,,,,,,,,,,,,,,,,,,,,,,,,,,,,,
32-17,1,0,0,0,0,0,,,,,,,,,,,,,,,,,,,,,,,,,,,,,,,
32-18,0,1,0,0,0,0,,,,,,,1,,,,,,,,,,,,,,,,,,,,,,,,
32-19,0,0,0,0,0,0,,,,,,,,,,,,,,,,,,,,,,,,,,,,,,,
32-20,1,0,1,1,0,1,,,,,,,,,,,,,,,,,,,,,,,,1,,,,,,,
32-21,1,0,1,0,0,0,,,,,,,,,,,,,,,,,,,1,,,,,,,,,,,,
32-22,1,0,0,0,0,0,,,,,,,,,,,,,,,,,,,,,,,,,,,,,,,
32-23,0,0,0,0,0,0,,,,,,,,,,,,,,,,,,,,,,,,,,,,,,,
32-24,0,0,0,0,0,0,,,,,,,,,,,,,,,,,,,,,,,,,,,,,,,
32-25,1,0,0,0,0,0,,,,,,,,,,,,,,,,,,,,,,,,,,,,,,,
32-26,1,0,0,0,0,1,,,,,,,,,,,,,,,,,,,,,,,,,,,,,,,
32-27,0,0,0,0,0,0,,,,,,,,,,,,,,,,,,,,,,,,,,,,,,,
32-28,0,1,0,0,0,1,,,,,,,1,,,,,,,,,,,,,,,,,,,,,,,,
32-29,0,0,0,0,0,0,,,,,,,,,,,,,,,,,,,,,,,,,,,,,,,
32-30,0,0,0,0,0,0,,,,,,,,,,,,,,,,,,,,,,,,,,,,,,,
32-31,0,0,0,0,0,0,,,,,,,,,,,,,,,,,,,,,,,,,,,,,,,
,,,,,,,,,,,,,,,,,,,,,,,,,,,,,,,,,,,,,
33-1,3,4,0,3,1,2,2,1,,,,,1,,,,,,,,,,,,,,,,,,,,,,,,
33-2,1,4,0,0,1,3,,1,1,1,,,1,,,,,,,,,,,,,,,,,,,,,,,,
33-3,2,5,1,2,1,0,2,1,,,1,,1,,,1,,,,,,,,,,,,,,,,,,,,,
33-4,0,1,1,1,0,2,,,1,,,,,,1,,,,,,,,,,,,,,,,,,,,,,
33-5,0,1,1,2,2,0,1,,,,,,,,,,,,,,,,,,,,,,,1,,,,,,,
33-6,1,3,0,0,0,1,1,,,,1,1,,,,,,,,,,,,,,,,,,,,,,,,,
33-7,0,1,1,0,0,0,,,,,,,1,,,,,,,,,,1,,,,,,,,,,,,,,
33-8,1,3,0,1,0,1,1,2,,,,,,,,,,,,,,,,,,,,,,,,,,,,,
33-9,1,0,1,1,0,1,,,,,,,,,,,,,,,,,,,,,,,,1,,,,,,,
33-10,1,1,1,1,0,0,,,1,,,,,,,,,,1,,,,,,,,,,,,,,,,,,
33-11,0,2,1,1,0,1,2,,,,,,,,,,1,,,,,,,,,,,,,,,,,,,,
33-12,0,1,1,1,1,1,1,,,,,,,,,1,,,,,,,,,,,,,,,,,,,,,
33-13,2,1,0,1,0,1,1,,,,,,,,,,,,,,,,,,,,,,,,,,,,,,
33-14,0,0,0,2,0,0,,,,,,,,,,,,,,,,,,,,,,,,,,,,,,,
33-15,0,0,1,0,0,1,,,,,,,,,,,,,,,,,,,,,,,,1,,,,,,,
33-16,0,1,0,1,0,1,1,,,,,,,,,,,,,,,,,,,,,,,,,,,,,,
33-17,1,0,0,1,0,0,,,,,,,,,,,,,,,,,,,,,,,,,,,,,,,
33-18,0,0,0,0,0,0,,,,,,,,,,,,,,,,,,,,,,,,,,,,,,,
33-19,0,1,0,0,0,0,,,,,,,1,,,,,,,,,,,,,,,,,,,,,,,,
33-20,0,0,0,0,0,0,,,,,,,,,,,,,,,,,,,,,,,,,,,,,,,
33-21,0,0,0,1,0,0,,,,,,,,,,,,,,,,,,,,,,,,,,,,,,,
33-22,0,1,0,0,0,0,,,1,,,,,,,,,,,,,,,,,,,,,,,,,,,,
33-23,1,1,0,1,1,3,,,,1,,,,,,,,,,,,,,,,,,,,,,,,,,,
33-24,0,2,0,0,0,1,2,,,,,,,,,,,,,,,,,,,,,,,,,,,,,,
,,,,,,,,,,,,,,,,,,,,,,,,,,,,,,,,,,,,,
34-1,0,0,0,0,0,0,,,,,,,,,,,,,,,,,,,,,,,,,,,,,,,
34-2,0,0,0,0,0,0,,,,,,,,,,,,,,,,,,,,,,,,,,,,,,,
34-3,0,0,0,0,0,0,,,,,,,,,,,,,,,,,,,,,,,,,,,,,,,
34-4,0,0,0,0,0,0,,,,,,,,,,,,,,,,,,,,,,,,,,,,,,,
34-5,0,0,0,0,0,0,,,,,,,,,,,,,,,,,,,,,,,,,,,,,,,
34-6,0,0,1,0,0,0,,,,,,,,,,,,,,,1,,,,,,,,,,,,,,,,
34-7,0,0,0,1,0,0,,,,,,,,,,,,,,,,,,,,,,,,,,,,,,,
34-8,0,0,0,0,0,0,,,,,,,,,,,,,,,,,,,,,,,,,,,,,,,
34-9,0,0,0,0,0,0,,,,,,,,,,,,,,,,,,,,,,,,,,,,,,,
34-10,0,0,0,0,0,0,,,,,,,,,,,,,,,,,,,,,,,,,,,,,,,
34-11,0,0,0,0,0,0,,,,,,,,,,,,,,,,,,,,,,,,,,,,,,,
34-12,0,1,0,0,0,0,,,,1,,,,,,,,,,,,,,,,,,,,,,,,,,,
34-13,0,0,0,0,0,0,,,,,,,,,,,,,,,,,,,,,,,,,,,,,,,
34-14,0,0,0,0,0,1,,,,,,,,,,,,,,,,,,,,,,,,,,,,,,,
34-15,0,0,0,0,0,0,,,,,,,,,,,,,,,,,,,,,,,,,,,,,,,
34-16,0,0,0,0,0,0,,,,,,,,,,,,,,,,,,,,,,,,,,,,,,,
34-17,1,2,0,0,0,1,,,,,,,2,,,,,,,,,,,,,,,,,,,,,,,,
34-18,1,0,1,1,0,0,,,,,,,,,,,1,,,,,,,,,,,,,,,,,,,,
34-19,0,0,0,0,0,0,,,,,,,,,,,,,,,,,,,,,,,,,,,,,,,
34-20,1,1,0,0,0,1,,,,1,,,,,,,,,,,,,,,,,,,,,,,,,,,
34-21,0,2,1,1,0,3,2,,,,,,,,,,,,,1,,,,,,,,,,,,,,,,,
34-22,1,0,2,1,0,1,,,,,,,,,,,,2,,,,,,,,,,,,,,,,,,,
34-23,1,2,2,4,1,8,1,,,,,,1,,,1,,,1,,,,,,,,,,,,,,,,,,
34-24,0,1,2,0,0,2,,1,,,,,,,,2,,,,,,,,,,,,,,,,,,,,,
34-25,1,1,1,1,2,4,,,,,,1,,,,,,,,,,,,,,,,,1,,,,,,,,
34-26,0,0,0,0,0,0,,,,,,,,,,,,,,,,,,,,,,,,,,,,,,,
34-27,0,0,0,0,0,0,,,,,,,,,,,,,,,,,,,,,,,,,,,,,,,
34-28,0,0,1,0,0,0,,,,,,,,,,,,,,,1,,,,,,,,,,,,,,,,
34-29,1,0,0,0,2,2,,,,,,,,,,,,,,,,,,,,,,,,,,,,,,,
34-30,0,0,0,2,0,0,,,,,,,,,,,,,,,,,,,,,,,,,,,,,,,
34-31,2,0,2,0,0,3,,,,,,,,,,,,,,,1,,,,,,,,,,,,,,1,,
34-32,0,0,0,0,0,0,,,,,,,,,,,,,,,,,,,,,,,,,,,,,,,
34-33,0,1,0,1,0,1,,,,1,,,,,,,,,,,,,,,,,,,,,,,,,,,
34-34,1,4,2,3,1,4,1,,1,1,,1,,,,1,,,,,,,,,,,,,1,,,,,,,,
34-35,0,1,0,0,0,0,1,,,,,,,,,,,,,,,,,,,,,,,,,,,,,,
34-36,0,0,0,0,0,1,,,,,,,,,,,,,,,,,,,,,,,,,,,,,,,
34-37,0,0,0,1,0,1,,,,,,,,,,,,,,,,,,,,,,,,,,,,,,,
34-38,0,0,0,0,0,0,,,,,,,,,,,,,,,,,,,,,,,,,,,,,,,
34-39,0,1,0,0,0,2,1,,,,,,,,,,,,,,,,,,,,,,,,,,,,,,
34-40,0,0,0,0,0,0,,,,,,,,,,,,,,,,,,,,,,,,,,,,,,,
34-41,0,0,0,1,0,2,,,,,,,,,,,,,,,,,,,,,,,,,,,,,,,
34-42,0,0,0,1,0,0,,,,,,,,,,,,,,,,,,,,,,,,,,,,,,,
,,,,,,,,,,,,,,,,,,,,,,,,,,,,,,,,,,,,,
35-1,1,8,2,5,2,9,1,,2,2,3,,,,,,,1,,,,,,,,,,,,,,,,,1,,
35-2,1,10,4,4,3,12,2,1,,1,5,1,,,,1,,,,,,,,,,,,,,,,,2,1,,,
35-3,1,2,3,7,0,5,,2,,,,,,,1,,1,,,,,,,,,,,,,,1,,,,,,
35-4,1,4,1,3,1,9,1,1,,,,1,1,,,,,,,,,,,,,,1,,,,,,,,,,
35-5,4,14,13,13,4,21,1,1,2,,7,2,1,,,,2,,,,2,,,1,,,1,,,,1,1,,1,4,,
35-6,0,6,1,4,1,4,2,2,,,,1,1,,,,,,,,,,,,,,,,,1,,,,,,,
35-7,0,4,2,7,3,5,1,1,,,2,,,,,,,,,1,,,,,,,,,,,,,1,,,,
35-8,3,2,1,2,1,1,1,,,,1,,,,,,,,,,,,,,,,,,1,,,,,,,,
35-9,2,1,0,1,0,4,,,,1,,,,,,,,,,,,,,,,,,,,,,,,,,,
35-10,1,2,0,5,1,4,,1,,,,,1,,,,,,,,,,,,,,,,,,,,,,,,
35-11,0,0,2,2,0,5,,,,,,,,,,1,,,1,,,,,,,,,,,,,,,,,,
35-12,1,1,2,3,1,4,1,,,,,,,,,,,,,,,,,,,,1,,,,,,,1,,,
35-13,0,2,0,2,0,3,2,,,,,,,,,,,,,,,,,,,,,,,,,,,,,,
35-14,0,3,0,1,0,1,,1,,1,,1,,,,,,,,,,,,,,,,,,,,,,,,,
35-15,0,0,0,0,0,0,,,,,,,,,,,,,,,,,,,,,,,,,,,,,,,
35-16,0,0,0,0,1,1,,,,,,,,,,,,,,,,,,,,,,,,,,,,,,,
35-17,0,1,0,1,0,1,,,,,,1,,,,,,,,,,,,,,,,,,,,,,,,,
35-18,0,0,1,0,1,2,,,,,,,,,,,,,,,,,,,,,,,,,,,1,,,,
35-19,1,0,1,0,1,1,,,,,,,,,,1,,,,,,,,,,,,,,,,,,,,,
35-20,1,1,3,2,1,6,,,,1,,,,,,,,,,,,1,,,,,,,,,,2,,,,,
35-21,1,2,0,2,1,0,1,,,,1,,,,,,,,,,,,,,,,,,,,,,,,,,
35-22,0,0,0,2,0,1,,,,,,,,,,,,,,,,,,,,,,,,,,,,,,,
35-23,0,0,0,0,0,0,,,,,,,,,,,,,,,,,,,,,,,,,,,,,,,
35-24,0,0,1,2,0,4,,,,,,,,,1,,,,,,,,,,,,,,,,,,,,,,
35-25,4,1,0,2,1,5,,,,,1,,,,,,,,,,,,,,,,,,,,,,,,,,
35-26,2,0,0,2,0,2,,,,,,,,,,,,,,,,,,,,,,,,,,,,,,,
35-27,1,1,0,1,0,1,1,,,,,,,,,,,,,,,,,,,,,,,,,,,,,,
35-28,1,1,0,0,0,0,1,,,,,,,,,,,,,,,,,,,,,,,,,,,,,,
35-29,0,1,0,0,0,1,,,,,,,1,,,,,,,,,,,,,,,,,,,,,,,,
35-30,0,4,1,2,0,1,3,,,1,,,,,,,,,,,,,,1,,,,,,,,,,,,,
35-31,0,0,0,1,0,1,,,,,,,,,,,,,,,,,,,,,,,,,,,,,,,
35-32,5,4,3,6,3,5,2,,,1,,,1,,1,,,,,,,,,,,,,,,,,,1,,1,,
,,,,,,,,,,,,,,,,,,,,,,,,,,,,,,,,,,,,,
36-1,1,,,,,,,,,,,,,,,,,,,,,,,,,,,,,,,,,,,,
36-2,,,,,,,,,,,,,,,,,,,,,,,,,,,,,,,,,,,,,
36-3,,,,,,1,,,,,,,,,,,,,,,,,,,,,,,,,,,,,,,
36-4,,1,,1,,,,,,,,1,,,,,,,,,,,,,,,,,,,,,,,,,
36-5,,,,,,,,,,,,,,,,,,,,,,,,,,,,,,,,,,,,,
36-6,,,,,,,,,,,,,,,,,,,,,,,,,,,,,,,,,,,,,
36-7,,1,,,,2,1,,,,,,,,,,,,,,,,,,,,,,,,,,,,,,
36-8,,1,,,,,,,,,,,1,,,,,,,,,,,,,,,,,,,,,,,,
36-9,,,,,,,,,,,,,,,,,,,,,,,,,,,,,,,,,,,,,
36-10,,2,,1,,1,2,,,,,,,,,,,,,,,,,,,,,,,,,,,,,,
36-11,,,1,,,1,,,,,,,,,,,,1,,,,,,,,,,,,,,,,,,,
36-12,,,,,,,,,,,,,,,,,,,,,,,,,,,,,,,,,,,,,
36-13,,,,,,,,,,,,,,,,,,,,,,,,,,,,,,,,,,,,,
36-14,,3,2,1,2,1,1,,,,,2,,,,,,,,,1,,,,,,,,,,1,,,,,,
36-15,2,,,1,,,,,,,,,,,,,,,,,,,,,,,,,,,,,,,,,
36-16,,,,,,,,,,,,,,,,,,,,,,,,,,,,,,,,,,,,,
36-17,1,1,,,,,1,,,,,,,,,,,,,,,,,,,,,,,,,,,,,,
36-18,,,,,,1,,,,,,,,,,,,,,,,,,,,,,,,,,,,,,,
36-19,,,,,,,,,,,,,,,,,,,,,,,,,,,,,,,,,,,,,
36-20,,1,,,,,,1,,,,,,,,,,,,,,,,,,,,,,,,,,,,,
36-21,,,,,,,,,,,,,,,,,,,,,,,,,,,,,,,,,,,,,
36-22,2,,,1,,,,,,,,,,,,,,,,,,,,,,,,,,,,,,,,,
36-23,,2,,,,1,,,1,,,,1,,,,,,,,,,,,,,,,,,,,,,,,
36-24,,1,,1,,,,,1,,,,,,,,,,,,,,,,,,,,,,,,,,,,
36-25,2,2,,1,1,1,1,,1,,,,,,,,,,,,,,,,,,,,,,,,,,,,
36-26,,1,,1,,,,,,,,,1,,,,,,,,,,,,,,,,,,,,,,,,
36-27,2,4,1,1,,3,2,,2,,,,,,,,,,,,,,,,,,,,,,,,,1,,,
36-28,,,1,,,1,,,,,,,,,1,,,,,,,,,,,,,,,,,,,,,,
36-29,1,,,,,1,,,,,,,,,,,,,,,,,,,,,,,,,,,,,,,
36-30,3,,,,,1,,,,,,,,,,,,,,,,,,,,,,,,,,,,,,,
36-31,1,2,,1,,,2,,,,,,,,,,,,,,,,,,,,,,,,,,,,,,
36-32,,,,1,,,,,,,,,,,,,,,,,,,,,,,,,,,,,,,,,
36-33,1,1,2,1,,2,1,,,,,,,,,,,,,,,,,,,,,,,,,1,,1,,,
36-34,,,,,,,,,,,,,,,,,,,,,,,,,,,,,,,,,,,,,
36-35,2,2,1,,,1,1,,,,,1,,,,,,,,,,,,,,,,,,,,,,,1,,
36-36,2,0,0,0,0,0,,,,,,,,,,,,,,,,,,,,,,,,,,,,,,,
36-37,2,2,1,2,1,3,1,,,1,,,,,,,,,,1,,,,,,,,,,,,,,,,,
36-38,,,,,,,,,,,,,,,,,,,,,,,,,,,,,,,,,,,,,
36-39,,,1,,,,,,,,,,,,,1,,,,,,,,,,,,,,,,,,,,,
36-40,,,,,,,,,,,,,,,,,,,,,,,,,,,,,,,,,,,,,
36-41,2,,,,,1,,,,,,,,,,,,,,,,,,,,,,,,,,,,,,,
,,,,,,,,,,,,,,,,,,,,,,,,,,,,,,,,,,,,,
37-1,1,0,0,0,0,0,,,,,,,,,,,,,,,,,,,,,,,,,,,,,,,
37-2,0,0,0,1,0,0,,,,,,,,,,,,,,,,,,,,,,,,,,,,,,,
37-3,0,0,0,0,0,1,,,,,,,,,,,,,,,,,,,,,,,,,,,,,,,
37-4,0,0,0,0,0,1,,,,,,,,,,,,,,,,,,,,,,,,,,,,,,,
37-5,1,0,1,0,0,1,,,,,,,,,,,,1,,,,,,,,,,,,,,,,,,,
37-6,0,0,0,0,0,0,,,,,,,,,,,,,,,,,,,,,,,,,,,,,,,
37-7,0,0,1,0,0,0,,,,,,,,,,,,,,,,,,,,,,,,1,,,,,,,
37-8,1,0,0,1,0,0,,,,,,,,,,,,,,,,,,,,,,,,,,,,,,,
37-9,0,0,0,0,0,0,,,,,,,,,,,,,,,,,,,,,,,,,,,,,,,
37-10,0,1,0,0,0,0,,,1,,,,,,,,,,,,,,,,,,,,,,,,,,,,
37-11,0,0,0,0,0,0,,,,,,,,,,,,,,,,,,,,,,,,,,,,,,,
37-12,0,0,0,0,0,1,,,,,,,,,,,,,,,,,,,,,,,,,,,,,,,
37-13,1,0,0,0,0,0,,,,,,,,,,,,,,,,,,,,,,,,,,,,,,,
37-14,0,0,0,0,0,0,,,,,,,,,,,,,,,,,,,,,,,,,,,,,,,
37-15,0,1,0,0,0,0,1,,,,,,,,,,,,,,,,,,,,,,,,,,,,,,
37-16,0,0,0,1,0,0,,,,,,,,,,,,,,,,,,,,,,,,,,,,,,,
37-17,0,0,0,0,0,0,,,,,,,,,,,,,,,,,,,,,,,,,,,,,,,
37-18,0,0,0,0,0,0,,,,,,,,,,,,,,,,,,,,,,,,,,,,,,,
37-19,2,0,0,0,0,0,,,,,,,,,,,,,,,,,,,,,,,,,,,,,,,
37-20,1,0,0,2,0,0,,,,,,,,,,,,,,,,,,,,,,,,,,,,,,,
37-21,1,2,0,0,0,0,,,,,,1,1,,,,,,,,,,,,,,,,,,,,,,,,
,,,,,,,,,,,,,,,,,,,,,,,,,,,,,,,,,,,,,
38-1,0,0,0,0,0,0,,,,,,,,,,,,,,,,,,,,,,,,,,,,,,,
38-2,0,1,0,0,0,0,1,,,,,,,,,,,,,,,,,,,,,,,,,,,,,,
38-3,0,0,0,0,0,0,,,,,,,,,,,,,,,,,,,,,,,,,,,,,,,
38-4,0,0,0,0,0,0,,,,,,,,,,,,,,,,,,,,,,,,,,,,,,,
38-5,0,0,0,0,0,0,,,,,,,,,,,,,,,,,,,,,,,,,,,,,,,
38-6,0,0,0,0,0,1,,,,,,,,,,,,,,,,,,,,,,,,,,,,,,,
38-7,0,0,0,1,0,0,,,,,,,,,,,,,,,,,,,,,,,,,,,,,,,
38-8,0,0,0,0,0,0,,,,,,,,,,,,,,,,,,,,,,,,,,,,,,,
38-9,1,2,0,1,0,1,,,1,,,1,,,,,,,,,,,,,,,,,,,,,,,,,
38-10,0,0,0,0,0,1,,,,,,,,,,,,,,,,,,,,,,,,,,,,,,,
38-11,0,0,4,1,1,6,,,,,,,,,,,,,,,,,,,,,,,2,,,,,,2,,
38-12,2,3,2,1,1,3,2,,,,,1,,,,1,,,,,,,,,,,,,,,,1,,,,,
38-13,0,2,3,6,0,4,2,,,,,,,,,,,,,,,,,,,2,1,,,,,,,,,,
38-14,1,2,1,4,0,3,1,,,,,1,,,,,,,,,,1,,,,,,,,,,,,,,,
38-15,0,1,0,1,1,1,,,,,,,1,,,,,,,,,,,,,,,,,,,,,,,,
38-16,2,2,1,1,1,0,,,,,,2,,,,,,,,1,,,,,,,,,,,,,,,,,
38-17,0,0,0,0,0,0,,,,,,,,,,,,,,,,,,,,,,,,,,,,,,,
38-18,2,3,1,2,0,4,,1,,1,1,,,,,,,,,,,,,,,,,,,1,,,,,,,
38-19,0,1,0,1,0,0,,,,,,1,,,,,,,,,,,,,,,,,,,,,,,,,
38-20,2,2,1,2,0,6,1,,,1,,,,,,,,,,,,,,,,,,,1,,,,,,,,
38-21,0,0,0,0,1,0,,,,,,,,,,,,,,,,,,,,,,,,,,,,,,,
,,,,,,,,,,,,,,,,,,,,,,,,,,,,,,,,,,,,,
39-1,1,4,1,1,,1,2,,1,1,,,,,,,,,,,,,,,,,,,,,,,1,,,,
39-2,,1,3,,,2,,,,,,1,,,3,,,,,,,,,,,,,,,,,,,,,,
39-3,1,3,,1,1,1,1,,,,,1,1,,,,,,,,,,,,,,,,,,,,,,,,
39-4,2,2,,4,1,3,,,1,,,1,,,,,,,,,,,,,,,,,,,,,,,,,
39-5,1,4,,,,,4,,,,,,,,,,,,,,,,,,,,,,,,,,,,,,
39-6,0,1,1,0,0,1,,1,,,,,,,,,,,,,,,,,,,1,,,,,,,,,,
39-7,1,3,1,2,1,3,,,3,,,,,,,,,,,,,,,,,,,,,1,,,,,,,
39-8,1,2,1,1,,3,2,,,,,,,,1,,,,,,,,,,,,,,,,,,,,,,
39-9,,,,1,,1,,,,,,,,,,,,,,,,,,,,,,,,,,,,,,,
39-10,2,1,,1,,1,,,,1,,,,,,,,,,,,,,,,,,,,,,,,,,,
39-11,,,,,,,,,,,,,,,,,,,,,,,,,,,,,,,,,,,,,
39-12,1,2,1,5,,3,,1,,,,1,,,,,,,,,1,,,,,,,,,,,,,,,,
39-13,1,,,,,1,,,,,,,,,,,,,,,,,,,,,,,,,,,,,,,
39-14,5,9,3,8,5,8,5,,1,,1,2,,,1,1,,,,,,,,,,,,,,,1,,,,,,
39-15,2,5,1,1,,2,4,,,,,,1,,,,,,,,,,,,,1,,,,,,,,,,,
39-16,1,1,,1,,2,1,,,,,,,,,,,,,,,,,,,,,,,,,,,,,,
39-17,1,,1,,,4,,,,,,,,,,,,,,,,,,,,1,,,,,,,,,,,
39-18,2,7,1,1,2,2,3,1,,,1,1,1,,,,,,1,,,,,,,,,,,,,,,,,,
39-19,,,,1,,1,,,,,,,,,,,,,,,,,,,,,,,,,,,,,,,
39-20,3,,,,,1,,,,,,,,,,,,,,,,,,,,,,,,,,,,,,,
39-21,1,,,2,,,,,,,,,,,,,,,,,,,,,,,,,,,,,,,,,
39-22,,,,,,,,,,,,,,,,,,,,,,,,,,,,,,,,,,,,,
39-23,1,2,1,1,,4,,,1,,1,,,,,,,,,,,,1,,,,,,,,,,,,,,
39-24,3,3,,1,,,2,,1,,,,,,,,,,,,,,,,,,,,,,,,,,,,
39-25,2,2,2,1,,3,1,,,,,1,,,,,1,,,,,,,,,,,,,,,,1,,,,
39-26,3,3,1,5,1,3,2,,1,,,,,,,,,,,,,,,,,,,,,,,1,,,,,
39-27,,1,,2,1,1,,,,1,,,,,,,,,,,,,,,,,,,,,,,,,,,
39-28,1,1,,1,,1,1,,,,,,,,,,,,,,,,,,,,,,,,,,,,,,
39-29,1,2,1,1,,1,1,,,1,,,,,,,,,,,,,,,,,1,,,,,,,,,,
39-30,,1,1,2,,2,,1,,,,,,,,,,,,,,,,,,,,,1,,,,,,,,
39-31,,4,1,14,,3,,,2,1,,1,,,,,,,,,,,,,,,,,1,,,,,,,,
39-32,,,,1,,1,,,,,,,,,,,,,,,,,,,,,,,,,,,,,,,
39-33,4,3,1,3,1,2,1,,,1,,1,,,,,,,,,,,,,,,,,,1,,,,,,,
39-34,,,,1,,,,,,,,,,,,,,,,,,,,,,,,,,,,,,,,,
39-35,1,4,2,,1,2,1,2,,,,,1,,,,,,,,,,,,,,,,,,,1,1,,,,
39-36,2,3,2,3,,,1,,2,,,,,,,1,,1,,,,,,,,,,,,,,,,,,,
39-37,2,2,1,5,,4,,,2,,,,,,,,,1,,,,,,,,,,,,,,,,,,,
39-38,1,3,2,,,2,2,,,1,,,,,,,,,,,,,,,,1,,1,,,,,,,,,
39-39,,2,1,2,,5,2,,,,,,,,,,1,,,,,,,,,,,,,,,,,,,,
39-40,2,2,,1,,,1,,,,,,1,,,,,,,,,,,,,,,,,,,,,,,,
39-41,5,2,3,6,1,3,1,,,1,,,,,,,,1,,1,,1,,,,,,,,,,,,,,,
39-42,2,6,4,2,,6,3,,2,1,,,,,,,,1,,,,,,,,,,,,1,,,,1,1,,
39-43,1,4,1,2,,6,4,,,,,,,,,,,,,,,,,,,,,,,1,,,,,,,
39-44,,2,,3,,1,1,,,1,,,,,,,,,,,,,,,,,,,,,,,,,,,
39-45,2,2,1,3,2,2,1,,,,1,,,,1,,,,,,,,,,,,,,,,,,,,,,
39-46,5,7,3,3,3,7,3,1,1,,,2,,,1,,,,,,,,,,,1,,1,,,,,,,,,
,,,,,,,,,,,,,,,,,,,,,,,,,,,,,,,,,,,,,
40-01,1,1,,2,1,2,,,,1,,,,,,,,,,,,,,,,,,,,,,,,,,,
40-2,,,,,,,,,,,,,,,,,,,,,,,,,,,,,,,,,,,,,
40-03,,,,,,,,,,,,,,,,,,,,,,,,,,,,,,,,,,,,,
40-04,,,,,,1,,,,,,,,,,,,,,,,,,,,,,,,,,,,,,,
40-05,1,,,,,,,,,,,,,,,,,,,,,,,,,,,,,,,,,,,,
40-06,,,,1,,1,,,,,,,,,,,,,,,,,,,,,,,,,,,,,,,
40-07,,,,1,,,,,,,,,,,,,,,,,,,,,,,,,,,,,,,,,
40-08,,,,,,,,,,,,,,,,,,,,,,,,,,,,,,,,,,,,,
40-09,,,,1,1,,,,,,,,,,,,,,,,,,,,,,,,,,,,,,,,
40-10,,1,,,,,,1,,,,,,,,,,,,,,,,,,,,,,,,,,,,,
40-11,1,4,,,1,,2,,,1,,,1,,,,,,,,,,,,,,,,,,,,,,,,
40-12,,,,1,,,,,,,,,,,,,,,,,,,,,,,,,,,,,,,,,
40-13,,,1,,,,,,,,,,,,1,,,,,,,,,,,,,,,,,,,,,,
40-14,,,,,,1,,,,,,,,,,,,,,,,,,,,,,,,,,,,,,,
40-15,,,,,,,,,,,,,,,,,,,,,,,,,,,,,,,,,,,,,
40-16,,1,,,,,1,,,,,,,,,,,,,,,,,,,,,,,,,,,,,,
40-17,1,2,,2,,,1,,,,,1,,,,,,,,,,,,,,,,,,,,,,,,,
40-18,1,,,,,,,,,,,,,,,,,,,,,,,,,,,,,,,,,,,,
40-19,3,3,,2,3,,,,1,,,,2,,,,,,,,,,,,,,,,,,,,,,,,
40-20,,2,1,,1,,1,,,1,,,,,,,,,1,,,,,,,,,,,,,,,,,,
40-21,1,2,,,,,,,1,,,1,,,,,,,,,,,,,,,,,,,,,,,,,
40-22,,,,3,2,1,,,,,,,,,,,,,,,,,,,,,,,,,,,,,,,
40-23,1,1,,2,1,,,,,1,,,,,,,,,,,,,,,,,,,,,,,,,,,
40-24,1,,,,,4,,,,,,,,,,,,,,,,,,,,,,,,,,,,,,,
40-25,,1,,1,,1,,,1,,,,,,,,,,,,,,,,,,,,,,,,,,,,
40-26,,1,,,,,1,,,,,,,,,,,,,,,,,,,,,,,,,,,,,,
40-27,,,,,,,,,,,,,,,,,,,,,,,,,,,,,,,,,,,,,
40-28,,1,,2,1,4,1,,,,,,,,,,,,,,,,,,,,,,,,,,,,,,
40-29,1,1,,1,,,1,,,,,,,,,,,,,,,,,,,,,,,,,,,,,,
40-30,,1,,1,,,,,,,,,1,,,,,,,,,,,,,,,,,,,,,,,,
40-31,,1,,,,2,,,1,,,,,,,,,,,,,,,,,,,,,,,,,,,,
40-32,,,1,,,,,,,,,,,,,,,,,1,,,,,,,,,,,,,,,,,
40-33,,2,,,,1,,,,,,1,1,,,,,,,,,,,,,,,,,,,,,,,,
40-34,,,1,,,,,,,,,,,,,,,,,,1,,,,,,,,,,,,,,,,
40-35,2,,1,,,1,,,,,,,,,,,,,,,,,,,,,1,,,,,,,,,,
40-36,1,1,1,,,1,,,,1,,,,,,1,,,,,,,,,,,,,,,,,,,,,
40-37,1,1,1,3,,5,,1,,,,,,,,,,,1,,,,,,,,,,,,,,,,,,
40-38,,1,1,1,1,,,,1,,,,,,,,,,,1,,,,,,,,,,,,,,,,,
40-39,,,,1,,,,,,,,,,,,,,,,,,,,,,,,,,,,,,,,,
40-40,,2,,1,,2,,1,,,1,,,,,,,,,,,,,,,,,,,,,,,,,,
40-41,,1,,6,,,,,,1,,,,,,,,,,,,,,,,,,,,,,,,,,,
40-42,1,1,,,1,,,1,,,,,,,,,,,,,,,,,,,,,,,,,,,,,
40-43,1,,,1,,1,,,,,,,,,,,,,,,,,,,,,,,,,,,,,,,
40-44,,,,,,,,,,,,,,,,,,,,,,,,,,,,,,,,,,,,,
40-45,,,,1,,2,,,,,,,,,,,,,,,,,,,,,,,,,,,,,,,
40-46,,1,,2,,4,,,,1,,,,,,,,,,,,,,,,,,,,,,,,,,,
40-47,,,,,,,,,,,,,,,,,,,,,,,,,,,,,,,,,,,,,
40-48,,3,,2,2,1,2,1,,,,,,,,,,,,,,,,,,,,,,,,,,,,,
40-49,1,1,,,,5,,,1,,,,,,,,,,,,,,,,,,,,,,,,,,,,
40-50,1,,1,1,,,,,,,,,,,,,,,,,,,,,,,,,,,,1,,,,,
40-51,1,1,,1,,,,1,,,,,,,,,,,,,,,,,,,,,,,,,,,,,
,,,,,,,,,,,,,,,,,,,,,,,,,,,,,,,,,,,,,
41-1,0,0,0,0,0,1,,,,,,,,,,,,,,,,,,,,,,,,,,,,,,,
41-2,0,1,1,3,0,3,,,1,,,,,,,,,,,,,,,,,,,,,1,,,,,,,
41-3,1,3,0,1,0,3,,,1,2,,,,,,,,,,,,,,,,,,,,,,,,,,,
41-4,2,6,0,3,0,7,1,2,1,,1,1,,,,,,,,,,,,,,,,,,,,,,,,,
41-5,1,1,0,3,1,1,,1,,,,,,,,,,,,,,,,,,,,,,,,,,,,,
41-6,0,1,1,4,0,2,,,,1,,,,,,,,,,,,,,,,,,,,,,,1,,,,
41-7,0,4,2,2,0,5,2,,,1,,,,1,1,,,1,,,,,,,,,,,,,,,,,,,
41-8,1,3,3,0,0,4,1,,1,,,,1,,,,,1,,,,,,,,,,,,,1,,1,,,,
41-9,0,3,0,0,0,2,1,1,1,,,,,,,,,,,,,,,,,,,,,,,,,,,,
41-10,2,5,0,0,0,2,1,1,,2,1,,,,,,,,,,,,,,,,,,,,,,,,,,
41-11,0,3,2,5,0,5,1,1,,,,,1,,,1,1,,,,,,,,,,,,,,,,,,,,
41-12,0,1,2,5,0,4,1,,,,,,,,,,,,,,,,,,,,1,,,,,,,1,,,
41-13,3,5,5,3,2,3,1,1,2,,,1,,,,1,1,,,1,,,,,,,,,,1,,,,,1,,
41-14,0,2,0,0,0,3,1,,,,,,1,,,,,,,,,,,,,,,,,,,,,,,,
41-15,1,4,3,6,4,3,3,,,,,,1,,1,,,,,,1,,,,,,,,,,1,,,,,,
41-16,1,1,0,0,1,2,,,,,1,,,,,,,,,,,,,,,,,,,,,,,,,,
41-17,2,3,2,4,3,6,2,,,,,,1,,,,,,,,,,,,,1,,,,,,,1,,,,
41-18,1,3,3,0,2,8,1,1,,,1,,,,,1,,,,,,,,,,1,,,,,,,,,1,,
41-19,0,3,1,6,1,5,1,,1,1,,,,,1,,,,,,,,,,,,,,,,,,,,,,
41-20,0,1,2,2,1,3,,1,,,,,,,,,,1,,,,,,,,,,,,1,,,,,,,
41-21,0,0,1,4,1,4,,,,,,,,,,1,,,,,,,,,,,,,,,,,,,,,
41-22,1,3,0,1,2,2,,,,3,,,,,,,,,,,,,,,,,,,,,,,,,,,
41-23,3,2,1,5,2,8,1,1,,,,,,,,,,,,,,,,,,1,,,,,,,,,,,
41-24,0,3,2,1,1,4,1,,1,,,,1,,,,,,,,1,,,,,,,,,,,1,,,,,
41-25,1,2,3,4,0,6,,,,,1,,1,,,,,,,1,,,,,,,,,,1,,,1,,,,
41-26,1,3,3,2,1,2,1,,,,1,1,,,,,1,,,,,,,,,,,,,,,2,,,,,
,,,,,,,,,,,,,,,,,,,,,,,,,,,,,,,,,,,,,
42-1,1,0,0,1,1,3,,,,,,,,,,,,,,,,,,,,,,,,,,,,,,,
42-2,0,1,0,1,0,2,,,,,,,1,,,,,,,,,,,,,,,,,,,,,,,,
42-3,1,1,0,2,0,0,,,1,,,,,,,,,,,,,,,,,,,,,,,,,,,,
42-4,1,0,1,0,0,1,,,,,,,,,,,,,,,1,,,,,,,,,,,,,,,,
42-5,1,0,0,0,0,0,,,,,,,,,,,,,,,,,,,,,,,,,,,,,,,
42-6,3,1,2,1,0,1,1,,,,,,,,,1,,,,,,,,,,,1,,,,,,,,,,
42-7,2,0,0,0,0,4,,,,,,,,,,,,,,,,,,,,,,,,,,,,,,,
42-8,1,0,1,0,0,3,,,,,,,,,,,,,,,,,,,,,,,1,,,,,,,,
42-9,0,0,0,1,0,2,,,,,,,,,,,,,,,,,,,,,,,,,,,,,,,
42-10,2,2,0,0,0,0,,1,,,,,1,,,,,,,,,,,,,,,,,,,,,,,,
42-11,2,1,0,0,0,0,,,1,,,,,,,,,,,,,,,,,,,,,,,,,,,,
42-12,0,0,0,0,0,0,,,,,,,,,,,,,,,,,,,,,,,,,,,,,,,
42-13,0,0,0,0,0,0,,,,,,,,,,,,,,,,,,,,,,,,,,,,,,,
42-14,0,2,0,1,0,2,2,,,,,,,,,,,,,,,,,,,,,,,,,,,,,,
42-15,2,1,0,1,1,2,1,,,,,,,,,,,,,,,,,,,,,,,,,,,,,,
42-16,0,0,0,0,2,2,,,,,,,,,,,,,,,,,,,,,,,,,,,,,,,
42-17,0,0,1,3,0,1,,,,,,,,,,,,,,,,,,,,,,,,,,1,,,,,
42-18,0,2,1,3,1,1,1,,,1,,,,,,,,,,,,,,,,,,,,,,1,,,,,
42-19,0,0,1,0,0,5,,,,,,,,,,,,,,1,,,,,,,,,,,,,,,,,
42-20,0,0,0,0,0,0,,,,,,,,,,,,,,,,,,,,,,,,,,,,,,,
42-21,1,1,0,0,0,0,1,,,,,,,,,,,,,,,,,,,,,,,,,,,,,,
42-22,0,1,0,0,1,0,1,,,,,,,,,,,,,,,,,,,,,,,,,,,,,,
42-23,0,0,0,0,0,0,,,,,,,,,,,,,,,,,,,,,,,,,,,,,,,
42-24,1,0,1,4,1,3,,,,,,,,,1,,,,,,,,,,,,,,,,,,,,,,
42-25,0,0,1,0,1,0,,,,,,,,,,,,,1,,,,,,,,,,,,,,,,,,
,,,,,,,,,,,,,,,,,,,,,,,,,,,,,,,,,,,,,
43-1,0,0,0,0,0,0,,,,,,,,,,,,,,,,,,,,,,,,,,,,,,,
43-2,0,0,0,0,0,0,,,,,,,,,,,,,,,,,,,,,,,,,,,,,,,
43-3,0,0,0,0,1,0,,,,,,,,,,,,,,,,,,,,,,,,,,,,,,,
43-4,1,2,0,0,0,0,1,,,,,,1,,,,,,,,,,,,,,,,,,,,,,,,
43-5,0,0,0,1,0,1,,,,,,,,,,,,,,,,,,,,,,,,,,,,,,,
43-6,1,0,0,0,0,0,,,,,,,,,,,,,,,,,,,,,,,,,,,,,,,
43-7,1,2,0,0,0,0,,,,,1,,1,,,,,,,,,,,,,,,,,,,,,,,,
43-8,0,0,0,0,0,1,,,,,,,,,,,,,,,,,,,,,,,,,,,,,,,
43-9,0,0,0,0,0,1,,,,,,,,,,,,,,,,,,,,,,,,,,,,,,,
43-10,0,0,0,0,0,0,,,,,,,,,,,,,,,,,,,,,,,,,,,,,,,
43-11,0,0,0,1,0,0,,,,,,,,,,,,,,,,,,,,,,,,,,,,,,,
43-12,0,1,0,2,0,0,1,,,,,,,,,,,,,,,,,,,,,,,,,,,,,,
43-13,0,0,1,1,0,0,,,,,,,,,,1,,,,,,,,,,,,,,,,,,,,,
43-14,0,0,0,0,0,0,,,,,,,,,,,,,,,,,,,,,,,,,,,,,,,
43-15,1,0,0,0,0,0,,,,,,,,,,,,,,,,,,,,,,,,,,,,,,,
43-16,0,0,0,0,0,0,,,,,,,,,,,,,,,,,,,,,,,,,,,,,,,
43-17,1,1,0,0,0,2,1,,,,,,,,,,,,,,,,,,,,,,,,,,,,,,
43-18,0,1,0,0,0,0,,,,,1,,,,,,,,,,,,,,,,,,,,,,,,,,
43-19,0,0,1,0,0,0,,,,,,,,,,,,,1,,,,,,,,,,,,,,,,,,
43-20,0,0,0,1,0,2,,,,,,,,,,,,,,,,,,,,,,,,,,,,,,,
43-21,0,0,0,0,0,0,,,,,,,,,,,,,,,,,,,,,,,,,,,,,,,
43-22,0,0,0,0,0,1,,,,,,,,,,,,,,,,,,,,,,,,,,,,,,,
43-23,0,1,0,0,0,0,1,,,,,,,,,,,,,,,,,,,,,,,,,,,,,,
43-24,0,0,0,0,0,0,,,,,,,,,,,,,,,,,,,,,,,,,,,,,,,
43-25,1,2,0,0,0,1,,,1,,,,1,,,,,,,,,,,,,,,,,,,,,,,,
,,,,,,,,,,,,,,,,,,,,,,,,,,,,,,,,,,,,,
44-1,0,0,0,0,0,2,,,,,,,,,,,,,,,,,,,,,,,,,,,,,,,
44-2,0,1,0,0,0,0,,1,,,,,,,,,,,,,,,,,,,,,,,,,,,,,
44-3,0,0,1,0,1,0,,,,,,,,,,1,,,,,,,,,,,,,,,,,,,,,
44-4,0,0,0,0,0,0,,,,,,,,,,,,,,,,,,,,,,,,,,,,,,,
44-5,0,0,1,0,0,1,,,,,,,,,,,,,,,,,,,,,,,1,,,,,,,,
44-6,0,0,0,1,0,2,,,,,,,,,,,,,,,,,,,,,,,,,,,,,,,
44-7,0,0,1,0,0,0,,,,,,,,,,,,,,,,,,,,,,,,,,,,,,,1
44-8,0,0,1,0,0,1,,,,,,,,,,,,,,,1,,,,,,,,,,,,,,,,
44-9,0,0,0,0,0,0,,,,,,,,,,,,,,,,,,,,,,,,,,,,,,,
44-10,1,0,0,1,0,0,,,,,,,,,,,,,,,,,,,,,,,,,,,,,,,
44-11,0,0,0,0,0,0,,,,,,,,,,,,,,,,,,,,,,,,,,,,,,,
44-12,0,1,0,0,0,0,,,1,,,,,,,,,,,,,,,,,,,,,,,,,,,,
44-13,0,0,1,1,0,0,,,,,,,,,,,,,,,,,,,,,,,,,,1,,,,,
44-14,0,2,0,0,0,0,1,,,,,1,,,,,,,,,,,,,,,,,,,,,,,,,
44-15,0,0,1,1,0,0,,,,,,,,,,,1,,,,,,,,,,,,,,,,,,,,
44-16,0,0,0,0,0,1,,,,,,,,,,,,,,,,,,,,,,,,,,,,,,,
44-17,1,0,0,0,0,2,,,,,,,,,,,,,,,,,,,,,,,,,,,,,,,
44-18,0,0,1,2,0,0,,,,,,,,,,,,,,,,,,,,,,,,,,,,,1,,
44-19,2,0,1,0,0,1,,,,,,,,,,1,,,,,,,,,,,,,,,,,,,,,
,,,,,,,,,,,,,,,,,,,,,,,,,,,,,,,,,,,,,
45-1,2,5,6,13,5,13,2,,1,1,,1,,,1,1,,1,,1,1,,,,,,,,1,,,,,,,,
45-2,5,5,0,8,1,6,1,,,,3,1,,,,,,,,,,,,,,,,,,,,,,,,,
45-3,5,13,15,57,3,21,3,,3,3,1,2,1,,,1,2,1,2,,1,,,,,6,1,,,,,1,,,,,
45-4,5,7,9,15,3,14,3,1,1,2,,,,,3,1,4,,,,,,,,,,1,,,,,,,,,,
45-5,4,10,7,11,2,6,5,,1,1,,3,,,,1,2,,1,,1,,,,,,,,,1,,1,,,,,
45-6,3,8,4,3,0,8,5,,1,1,,1,,,1,1,1,,,,,,,,,,,,,,,,,,1,,
45-7,2,6,3,9,0,9,3,1,,,,1,1,,,,1,,,,,1,,,,,,,,,,,1,,,,
45-8,4,1,0,2,0,4,1,,,,,,,,,,,,,,,,,,,,,,,,,,,,,,
45-9,0,0,3,0,0,3,,,,,,,,,,,,1,,,,,,,,,,,,2,,,,,,,
45-10,0,1,0,1,0,1,1,,,,,,,,,,,,,,,,,,,,,,,,,,,,,,
45-11,1,1,0,2,0,1,,,1,,,,,,,,,,,,,,,,,,,,,,,,,,,,
45-12,0,1,0,3,0,1,,1,,,,,,,,,,,,,,,,,,,,,,,,,,,,,
45-13,1,2,1,1,2,1,,1,,1,,,,,,,,,,,,,,,,,,,,,,,,1,,,
45-14,0,1,2,1,0,2,,,,,,,1,,1,,,,,,,,,,,,,1,,,,,,,,,
45-15,3,4,2,7,2,7,1,,1,1,,,1,,,1,,,,,,,,,,,,,,,1,,,,,,
45-16,0,2,2,0,0,3,,,,1,1,,,,,,,,1,,,,,,,,1,,,,,,,,,,
45-17,0,6,2,1,1,2,1,1,4,,,,,,,,,,,,,,,1,,,,,1,,,,,,,,
45-18,2,0,0,1,0,0,,,,,,,,,,,,,,,,,,,,,,,,,,,,,,,
45-19,0,3,1,2,0,2,1,,2,,,,,,,,,,,,,,,,,,,,,,,,,,1,,
45-20,4,8,11,16,2,13,3,3,,1,,,1,,1,3,,,,,,,,1,,,,,,2,,1,3,,,,
45-21,1,1,1,0,1,2,,,,1,,,,,,,,,,1,,,,,,,,,,,,,,,,,
45-22,4,6,10,5,1,8,3,,1,1,,,1,,1,3,2,,,1,,,,,1,,1,,1,,,,,,,,
45-23,5,6,3,8,3,10,1,,2,,,2,1,,1,1,,,1,,,,,,,,,,,,,,,,,,
45-24,6,16,9,12,2,15,9,1,2,,1,1,2,,1,3,,,,1,,,,,,2,,,,,1,,,,1,,
45-25,6,8,1,11,3,8,3,1,2,1,,1,,,,,,,1,,,,,,,,,,,,,,,,,,
,,,,,,,,,,,,,,,,,,,,,,,,,,,,,,,,,,,,,
46-1,1,1,0,0,0,5,,,,,,1,,,,,,,,,,,,,,,,,,,,,,,,,
46-2,0,0,0,1,0,1,,,,,,,,,,,,,,,,,,,,,,,,,,,,,,,
46-3,0,2,0,0,0,0,,,,,,1,1,,,,,,,,,,,,,,,,,,,,,,,,
46-4,0,0,0,0,0,0,,,,,,,,,,,,,,,,,,,,,,,,,,,,,,,
46-5,0,1,0,0,0,0,,,,,,,1,,,,,,,,,,,,,,,,,,,,,,,,
46-6,0,0,0,0,0,0,,,,,,,,,,,,,,,,,,,,,,,,,,,,,,,
46-7,0,0,0,1,0,1,,,,,,,,,,,,,,,,,,,,,,,,,,,,,,,
46-8,0,1,1,1,0,0,1,,,,,,,,,,,,1,,,,,,,,,,,,,,,,,,
46-9,0,0,0,0,0,1,,,,,,,,,,,,,,,,,,,,,,,,,,,,,,,
46-10,0,0,0,0,0,0,,,,,,,,,,,,,,,,,,,,,,,,,,,,,,,
46-11,0,0,0,2,0,1,,,,,,,,,,,,,,,,,,,,,,,,,,,,,,,
46-12,0,0,0,0,0,0,,,,,,,,,,,,,,,,,,,,,,,,,,,,,,,
46-13,1,1,1,0,1,1,,,,,,1,,,,,,,,,,,,,,,,,,,,1,,,,,
46-14,0,1,0,0,0,0,,,,,,1,,,,,,,,,,,,,,,,,,,,,,,,,
46-15,0,0,0,0,0,0,,,,,,,,,,,,,,,,,,,,,,,,,,,,,,,
46-16,0,3,2,1,1,4,,,,,,2,1,,1,,,,,,,,,,,,,,,,,,,,1,,
46-17,0,4,0,2,0,1,,,,,,4,,,,,,,,,,,,,,,,,,,,,,,,,
46-18,0,0,2,0,1,3,,,,,,,,,,,,,,,,,,,2,,,,,,,,,,,,
46-19,0,2,0,3,0,6,1,,,,,1,,,,,,,,,,,,,,,,,,,,,,,,,
46-20,0,0,0,0,0,0,,,,,,,,,,,,,,,,,,,,,,,,,,,,,,,
46-21,0,0,0,1,0,0,,,,,,,,,,,,,,,,,,,,,,,,,,,,,,,
46-22,0,0,0,0,0,1,,,,,,,,,,,,,,,,,,,,,,,,,,,,,,,
46-23,0,0,3,1,1,0,,,,,,,,,,,,,2,,,,,,,,,,,,,,,,1,,
,,,,,,,,,,,,,,,,,,,,,,,,,,,,,,,,,,,,,
47-1,0,1,0,1,0,3,,,,,,1,,,,,,,,,,,,,,,,,,,,,,,,,
47-2,0,0,0,1,1,1,,,,,,,,,,,,,,,,,,,,,,,,,,,,,,,
47-3,0,1,0,0,0,0,,,,,,,1,,,,,,,,,,,,,,,,,,,,,,,,
47-4,0,0,0,1,0,0,,,,,,,,,,,,,,,,,,,,,,,,,,,,,,,
47-5,0,0,0,1,0,0,,,,,,,,,,,,,,,,,,,,,,,,,,,,,,,
47-6,0,0,0,0,0,0,,,,,,,,,,,,,,,,,,,,,,,,,,,,,,,
47-7,0,0,0,0,0,0,,,,,,,,,,,,,,,,,,,,,,,,,,,,,,,
47-8,0,1,0,0,0,1,1,,,,,,,,,,,,,,,,,,,,,,,,,,,,,,
47-9,0,0,0,0,0,0,,,,,,,,,,,,,,,,,,,,,,,,,,,,,,,
47-10,0,0,0,1,0,0,,,,,,,,,,,,,,,,,,,,,,,,,,,,,,,
47-11,0,0,0,0,0,0,,,,,,,,,,,,,,,,,,,,,,,,,,,,,,,
47-12,0,2,0,0,0,0,2,,,,,,,,,,,,,,,,,,,,,,,,,,,,,,
47-13,0,0,0,0,0,0,,,,,,,,,,,,,,,,,,,,,,,,,,,,,,,
47-14,0,0,0,0,0,1,,,,,,,,,,,,,,,,,,,,,,,,,,,,,,,
,,,,,,,,,,,,,,,,,,,,,,,,,,,,,,,,,,,,,
48-1,,1,1,1,,,,1,,,,,,,,,,,,,,,,,,,,,,1,,,,,,,
48-2,,,,,,2,,,,,,,,,,,,,,,,,,,,,,,,,,,,,,,
48-3,1,1,,,,,,,1,,,,,,,,,,,,,,,,,,,,,,,,,,,,
48-4,,1,,,,1,,,,,,,1,,,,,,,,,,,,,,,,,,,,,,,,
48-5,,,1,1,,1,,,,,,,,,,,,,1,,,,,,,,,,,,,,,,,,
48-6,,2,,,,1,,,,,,,2,,,,,,,,,,,,,,,,,,,,,,,,
48-7,1,,,2,1,4,,,,,,,,,,,,,,,,,,,,,,,,,,,,,,,
48-8,,,,2,1,,,,,,,,,,,,,,,,,,,,,,,,,,,,,,,,
48-9,2,,,1,,2,,,,,,,,,,,,,,,,,,,,,,,,,,,,,,,
48-10,,3,1,1,1,2,,,,1,,2,,,,,,,,,,,,,,,,,,,,1,,,,,
48-11,,,,,,,,,,,,,,,,,,,,,,,,,,,,,,,,,,,,,
48-12,2,3,1,1,,4,1,,2,,,,,,,,,,,,,1,,,,,,,,,,,,,,,
48-13,2,3,3,,3,2,3,,,,,,,,,,,,,1,,,,,,,,,,,,2,,,,,
48-14,4,,1,,,1,,,,,,,,,,1,,,,,,,,,,,,,,,,,,,,,
48-15,,1,,,,,,,,,1,,,,,,,,,,,,,,,,,,,,,,,,,,
48-16,3,2,1,2,,3,,,,2,,,,,,,,,,,,,,,,,1,,,,,,,,,,
48-17,1,4,,1,,2,1,,,1,,2,,,,,,,,,,,,,,,,,,,,,,,,,
48-18,1,4,1,,,,2,,,,,1,1,,,,,,,,,,,,,,,,,,,,,,1,,
48-19,2,3,2,3,1,3,1,1,,1,,,,,,,,,,,,,,,,,,,,1,,,,1,,,
48-20,2,6,4,1,,1,3,1,,,,1,1,,,,1,,,1,,,,,,1,,,,,,1,,,,,
48-21,4,2,,,,2,,,,,,,2,,,,,,,,,,,,,,,,,,,,,,,,
48-22,1,4,2,2,2,3,,,2,,1,,1,,,2,,,,,,,,,,,,,,,,,,,,,
48-23,,,,,,,,,,,,,,,,,,,,,,,,,,,,,,,,,,,,,
,,,,,,,,,,,,,,,,,,,,,,,,,,,,,,,,,,,,,
49-1,0,1,0,1,0,2,1,,,,,,,,,,,,,,,,,,,,,,,,,,,,,,
49-2,0,8,1,0,0,0,8,,,,,,,,,,1,,,,,,,,,,,,,,,,,,,,
49-3,0,0,0,0,1,0,,,,,,,,,,,,,,,,,,,,,,,,,,,,,,,
49-4,0,0,0,0,0,0,,,,,,,,,,,,,,,,,,,,,,,,,,,,,,,
49-5,0,0,0,0,0,0,,,,,,,,,,,,,,,,,,,,,,,,,,,,,,,
49-6,0,2,1,0,0,0,,,,,,,2,,,,,,,,,,,,,,,,,,,,,1,,,
49-7,0,0,0,1,0,0,,,,,,,,,,,,,,,,,,,,,,,,,,,,,,,
49-8,0,0,0,0,0,0,,,,,,,,,,,,,,,,,,,,,,,,,,,,,,,
49-9,2,1,0,0,0,1,1,,,,,,,,,,,,,,,,,,,,,,,,,,,,,,
49-10,1,0,0,0,0,0,,,,,,,,,,,,,,,,,,,,,,,,,,,,,,,
49-11,0,1,0,1,0,0,,,,,,,1,,,,,,,,,,,,,,,,,,,,,,,,
49-12,0,0,0,1,0,0,,,,,,,,,,,,,,,,,,,,,,,,,,,,,,,
49-13,0,0,0,0,0,0,,,,,,,,,,,,,,,,,,,,,,,,,,,,,,,
49-14,0,0,0,0,0,0,,,,,,,,,,,,,,,,,,,,,,,,,,,,,,,
49-15,0,1,0,0,0,1,1,,,,,,,,,,,,,,,,,,,,,,,,,,,,,,
49-16,0,0,0,0,0,0,,,,,,,,,,,,,,,,,,,,,,,,,,,,,,,
49-17,0,0,0,0,0,0,,,,,,,,,,,,,,,,,,,,,,,,,,,,,,,
49-18,0,0,0,1,0,1,,,,,,,,,,,,,,,,,,,,,,,,,,,,,,,
49-19,0,0,0,0,0,0,,,,,,,,,,,,,,,,,,,,,,,,,,,,,,,
49-20,0,0,0,0,0,0,,,,,,,,,,,,,,,,,,,,,,,,,,,,,,,
49-21,1,0,0,1,0,4,,,,,,,,,,,,,,,,,,,,,,,,,,,,,,,
49-22,1,0,0,0,0,0,,,,,,,,,,,,,,,,,,,,,,,,,,,,,,,
,,,,,,,,,,,,,,,,,,,,,,,,,,,,,,,,,,,,,
50-1,1,0,0,0,0,0,,,,,,,,,,,,,,,,,,,,,,,,,,,,,,,
50-2,0,1,1,0,0,0,,,,,,,1,,,,,,,1,,,,,,,,,,,,,,,,,
50-3,0,0,0,0,0,0,,,,,,,,,,,,,,,,,,,,,,,,,,,,,,,
50-4,1,0,0,0,0,0,,,,,,,,,,,,,,,,,,,,,,,,,,,,,,,
50-5,0,0,2,2,0,0,,,,,,,,,,1,,,,1,,,,,,,,,,,,,,,,,
50-6,0,0,0,1,0,0,,,,,,,,,,,,,,,,,,,,,,,,,,,,,,,
50-7,0,0,0,0,0,0,,,,,,,,,,,,,,,,,,,,,,,,,,,,,,,
50-8,0,1,1,1,0,0,1,,,,,,,,,,,,,1,,,,,,,,,,,,,,,,,
50-9,0,0,1,1,0,0,,,,,,,,,,,,,,,,,,,,,,,1,,,,,,,,
50-10,0,1,0,0,0,1,,,,,,1,,,,,,,,,,,,,,,,,,,,,,,,,
50-11,0,0,0,0,1,0,,,,,,,,,,,,,,,,,,,,,,,,,,,,,,,
50-12,1,0,0,0,1,2,,,,,,,,,,,,,,,,,,,,,,,,,,,,,,,
50-13,1,1,1,0,0,1,1,,,,,,,,,,,,,,,,,,,,,,,1,,,,,,,
50-14,0,1,0,0,0,0,,,,1,,,,,,,,,,,,,,,,,,,,,,,,,,,
50-15,0,1,0,0,0,1,,,,,,,1,,,,,,,,,,,,,,,,,,,,,,,,
50-16,1,1,0,1,0,0,,,,,1,,,,,,,,,,,,,,,,,,,,,,,,,,
50-17,0,0,0,0,0,0,,,,,,,,,,,,,,,,,,,,,,,,,,,,,,,
50-18,0,2,0,0,0,0,1,,,,,,1,,,,,,,,,,,,,,,,,,,,,,,,
50-19,0,0,0,0,1,0,,,,,,,,,,,,,,,,,,,,,,,,,,,,,,,
50-20,1,1,0,0,1,0,1,,,,,,,,,,,,,,,,,,,,,,,,,,,,,,
50-21,0,0,0,0,0,2,,,,,,,,,,,,,,,,,,,,,,,,,,,,,,,
50-22,0,1,0,0,0,0,,,,,,1,,,,,,,,,,,,,,,,,,,,,,,,,
50-23,0,0,0,0,0,0,,,,,,,,,,,,,,,,,,,,,,,,,,,,,,,
50-24,0,0,0,0,0,0,,,,,,,,,,,,,,,,,,,,,,,,,,,,,,,
50-25,0,0,0,0,0,0,,,,,,,,,,,,,,,,,,,,,,,,,,,,,,,
50-26,0,1,0,1,0,0,,1,,,,,,,,,,,,,,,,,,,,,,,,,,,,,
50-27,0,0,0,0,0,0,,,,,,,,,,,,,,,,,,,,,,,,,,,,,,,
50-28,0,0,0,0,0,0,,,,,,,,,,,,,,,,,,,,,,,,,,,,,,,
50-29,0,0,0,0,0,0,,,,,,,,,,,,,,,,,,,,,,,,,,,,,,,
50-30,0,0,0,0,0,0,,,,,,,,,,,,,,,,,,,,,,,,,,,,,,,
,,,,,,,,,,,,,,,,,,,,,,,,,,,,,,,,,,,,,
51-1,,,,1,,2,,,,,,,,,,,,,,,,,,,,,,,,,,,,,,,
51-2,1,1,3,,,1,1,,,,,,,,,,,,2,,,,,,,,,,1,,,,,,,,
51-3,,,,,,,,,,,,,,,,,,,,,,,,,,,,,,,,,,,,,
51-4,,1,,1,,,1,,,,,,,,,,,,,,,,,,,,,,,,,,,,,,
51-5,,1,1,1,,1,,,,1,,,,,,,,,,,,1,,,,,,,,,,,,,,,
51-6,,,,1,,,,,,,,,,,,,,,,,,,,,,,,,,,,,,,,,
51-7,,,,,1,,,,,,,,,,,,,,,,,,,,,,,,,,,,,,,,
51-8,,1,,,,,,,1,,,,,,,,,,,,,,,,,,,,,,,,,,,,
51-9,,,,,,,,,,,,,,,,,,,,,,,,,,,,,,,,,,,,,
51-10,1,2,1,,1,4,,1,1,,,,,,,,,,,,,,,,,,,,,,,,,1,,,
51-11,,1,,,,,,,1,,,,,,,,,,,,,,,,,,,,,,,,,,,,
51-12,,2,1,,1,1,,,1,,,1,,,,,,,,,,,,,,,,,,,,,,,1,,
51-13,,,,,,,,,,,,,,,,,,,,,,,,,,,,,,,,,,,,,
51-14,1,,,,,,,,,,,,,,,,,,,,,,,,,,,,,,,,,,,,
51-15,,,1,,,,,,,,,,,,,,,,,1,,,,,,,,,,,,,,,,,
51-16,,,,,,,,,,,,,,,,,,,,,,,,,,,,,,,,,,,,,
51-17,2,1,,1,,2,1,,,,,,,,,,,,,,,,,,,,,,,,,,,,,,
51-18,,,,,,,,,,,,,,,,,,,,,,,,,,,,,,,,,,,,,
51-19,,,,,,1,,,,,,,,,,,,,,,,,,,,,,,,,,,,,,,
51-20,,,,,,,,,,,,,,,,,,,,,,,,,,,,,,,,,,,,,
51-21,,,,,,,,,,,,,,,,,,,,,,,,,,,,,,,,,,,,,
51-22,,1,,1,1,,1,,,,,,,,,,,,,,,,,,,,,,,,,,,,,,
51-23,,1,,,,1,1,,,,,,,,,,,,,,,,,,,,,,,,,,,,,,
51-24,,,,,,3,,,,,,,,,,,,,,,,,,,,,,,,,,,,,,,
51-25,,,,1,,,,,,,,,,,,,,,,,,,,,,,,,,,,,,,,,
51-26,,1,1,1,,,,,,,,1,,,,,1,,,,,,,,,,,,,,,,,,,,
51-27,,,,,1,,,,,,,,,,,,,,,,,,,,,,,,,,,,,,,,
51-28,,,,,,,,,,,,,,,,,,,,,,,,,,,,,,,,,,,,,
,,,,,,,,,,,,,,,,,,,,,,,,,,,,,,,,,,,,,
52-1,0,0,0,0,0,0,,,,,,,,,,,,,,,,,,,,,,,,,,,,,,,
52-2,2,1,1,1,0,1,,,,,,1,,,,,,,,,,,,,,,,,,,,,,1,,,
52-3,0,0,0,0,0,0,,,,,,,,,,,,,,,,,,,,,,,,,,,,,,,
52-4,0,0,0,1,0,0,,,,,,,,,,,,,,,,,,,,,,,,,,,,,,,
52-5,0,0,0,0,0,1,,,,,,,,,,,,,,,,,,,,,,,,,,,,,,,
52-6,0,3,0,1,0,1,3,,,,,,,,,,,,,,,,,,,,,,,,,,,,,,
52-7,1,2,4,1,1,1,2,,,,,,,,1,1,,,,,,,,,,,,,1,,,,,,1,,
52-8,2,1,1,0,0,1,,,,,,1,,,,,,,,,,,,1,,,,,,,,,,,,,
52-9,2,3,2,2,0,5,1,,1,,,1,,,,,,,,1,,,1,,,,,,,,,,,,,,
52-10,0,1,0,0,0,0,1,,,,,,,,,,,,,,,,,,,,,,,,,,,,,,
52-11,0,2,0,2,1,2,1,,,,,,1,,,,,,,,,,,,,,,,,,,,,,,,
52-12,0,6,1,3,0,4,1,4,,1,,,,,,,,,,,,,1,,,,,,,,,,,,,,
52-13,2,1,0,1,0,0,,,,,,,1,,,,,,,,,,,,,,,,,,,,,,,,
52-14,1,2,0,1,0,1,,,,,,1,1,,,,,,,,,,,,,,,,,,,,,,,,
52-15,0,1,0,2,0,3,,,,,,,1,,,,,,,,,,,,,,,,,,,,,,,,
52-16,1,0,0,1,0,0,,,,,,,,,,,,,,,,,,,,,,,,,,,,,,,
52-17,0,0,0,0,0,0,,,,,,,,,,,,,,,,,,,,,,,,,,,,,,,
52-18,0,3,0,0,1,0,1,,,,,,2,,,,,,,,,,,,,,,,,,,,,,,,
52-19,1,0,0,0,0,2,,,,,,,,,,,,,,,,,,,,,,,,,,,,,,,
52-20,1,0,0,2,0,0,,,,,,,,,,,,,,,,,,,,,,,,,,,,,,,
52-21,3,2,0,0,0,0,,,,,,,2,,,,,,,,,,,,,,,,,,,,,,,,
52-22,0,0,1,0,0,2,,,,,,,,,,,,,1,,,,,,,,,,,,,,,,,,
52-23,0,0,0,0,0,0,,,,,,,,,,,,,,,,,,,,,,,,,,,,,,,
52-24,0,1,0,0,0,1,1,,,,,,,,,,,,,,,,,,,,,,,,,,,,,,
52-25,0,1,0,0,0,0,,,,,,,1,,,,,,,,,,,,,,,,,,,,,,,,
52-26,1,1,0,1,0,1,,,,,,,1,,,,,,,,,,,,,,,,,,,,,,,,
52-27,0,2,0,0,0,0,1,,,,,,1,,,,,,,,,,,,,,,,,,,,,,,,
52-28,0,0,0,2,1,0,,,,,,,,,,,,,,,,,,,,,,,,,,,,,,,
,,,,,,,,,,,,,,,,,,,,,,,,,,,,,,,,,,,,,
53-1,1,3,0,0,1,0,1,,,1,,1,,,,,,,,,,,,,,,,,,,,,,,,,
53-2,0,0,0,2,0,0,,,,,,,,,,,,,,,,,,,,,,,,,,,,,,,
53-3,1,2,1,2,0,2,1,,1,,,,,,,1,,,,,,,,,,,,,,,,,,,,,
53-4,1,2,2,0,1,4,,,,1,1,,,,,,,1,,,,,,,,,,1,,,,,,,,,
53-5,0,3,2,1,0,1,1,,,,2,,,,,1,,1,,,,,,,,,,,,,,,,,,,
53-6,3,4,0,1,0,2,1,,,,2,,1,,,,,,,,,,,,,,,,,,,,,,,,
53-7,1,2,0,5,1,1,1,,,,,,1,,,,,,,,,,,,,,,,,,,,,,,,
53-8,2,5,0,2,2,3,1,,,,4,,,,,,,,,,,,,,,,,,,,,,,,,,
53-9,0,2,1,2,1,0,,,,,2,,,,,,,,,,,,,,,,,,,,,,,,1,,
53-10,1,2,1,2,0,1,1,,,,1,,,,,,,,,,,,,,,,,,,,,,1,,,,
53-11,0,3,1,3,2,2,1,,,,2,,,,,1,,,,,,,,,,,,,,,,,,,,,
53-12,0,5,1,5,2,3,3,,,,2,,,,,,,,,1,,,,,,,,,,,,,,,,,
53-13,0,2,0,1,2,3,,,1,1,,,,,,,,,,,,,,,,,,,,,,,,,,,
53-14,1,2,1,8,0,4,1,,,,1,,,,,,,,,1,,,,,,,,,,,,,,,,,
53-15,1,5,4,2,2,14,,,1,,4,,,,,,,1,,,,,,,,,,,,,,,2,,1,,
53-16,0,2,3,3,1,12,1,,,1,,,,,,,,,,,1,,,,,,,,,,1,,1,,,,
53-17,1,4,1,3,1,5,3,1,,,,,,,,,,,,,,,,,,,,,,1,,,,,,,
53-18,1,0,3,3,2,6,,,,,,,,,,,,,,,,,,,,,,,,1,,,1,,1,,
53-19,1,0,3,5,1,3,,,,,,,,,,,,,,,,,,,1,,,,,,,1,1,,,,
53-20,1,13,3,3,1,6,,,,1,12,,,,,,,,,,,,,,,,,1,,,,,2,,,,
53-21,2,37,10,5,3,6,2,,4,1,29,,1,,,,,1,,,,,,,,,,3,1,,1,,2,,2,,
53-22,0,3,4,2,0,3,,,1,,1,,1,,,,,,,,2,,,,,,,,,,,1,1,,,,
53-23,0,1,1,1,0,2,,,,,,,1,,,,,,,,,,,,,,,,,,,1,,,,,
,,,,,,,,,,,,,,,,,,,,,,,,,,,,,,,,,,,,,
54-1,0,1,1,0,2,1,,,,1,,,,,,,,,,,,,,,,,,,,,,,1,,,,
54-2,0,0,0,1,0,1,,,,,,,,,,,,,,,,,,,,,,,,,,,,,,,
54-3,0,1,1,0,0,0,,,,,,,1,,,,,,,,,,,,,,,,,,,,1,,,,
54-4,0,0,0,0,0,1,,,,,,,,,,,,,,,,,,,,,,,,,,,,,,,
54-5,2,2,0,0,1,4,2,,,,,,,,,,,,,,,,,,,,,,,,,,,,,,
54-6,1,1,1,1,1,0,,,1,,,,,,,,,,,1,,,,,,,,,,,,,,,,,
54-7,1,2,1,0,0,1,,,,,2,,,,,,1,,,,,,,,,,,,,,,,,,,,
54-8,1,1,0,2,0,1,,,,,1,,,,,,,,,,,,,,,,,,,,,,,,,,
54-9,2,2,1,2,0,1,,,,1,,1,,,1,,,,,,,,,,,,,,,,,,,,,,
54-10,0,5,2,1,1,4,2,,1,,2,,,,2,,,,,,,,,,,,,,,,,,,,,,
54-11,0,1,0,1,0,0,,,,,,1,,,,,,,,,,,,,,,,,,,,,,,,,
54-12,0,2,0,2,0,0,1,,,,1,,,,,,,,,,,,,,,,,,,,,,,,,,
54-13,0,1,0,0,0,2,1,,,,,,,,,,,,,,,,,,,,,,,,,,,,,,
54-14,0,3,0,0,0,0,,,,,3,,,,,,,,,,,,,,,,,,,,,,,,,,
54-15,0,0,0,1,0,3,,,,,,,,,,,,,,,,,,,,,,,,,,,,,,,
54-16,0,0,0,2,1,1,,,,,,,,,,,,,,,,,,,,,,,,,,,,,,,
54-17,0,0,0,0,0,0,,,,,,,,,,,,,,,,,,,,,,,,,,,,,,,
54-18,0,1,1,1,0,5,1,,,,,,,,,,,,,,,,,1,,,,,,,,,,,,,
54-19,0,1,2,0,0,1,,1,,,,,,,,,,,,,,,,,,,,1,,1,,,,,,,
54-20,2,0,0,1,0,1,,,,,,,,,,,,,,,,,,,,,,,,,,,,,,,
54-21,0,2,0,1,0,1,2,,,,,,,,,,,,,,,,,,,,,,,,,,,,,,
54-22,1,1,2,0,1,2,,1,,,,,,,,,,,,,,,,1,,,,,,,,,1,,,,
,,,,,,,,,,,,,,,,,,,,,,,,,,,,,,,,,,,,,
55-1,3,0,3,6,4,11,,,,,,,,,,,,,,,1,,1,,,,,,,,,,,,1,,
55-2,2,2,1,4,3,5,1,,,1,,,,,,1,,,,,,,,,,,,,,,,,,,,,
55-3,3,5,0,3,3,5,1,1,,2,,,1,,,,,,,,,,,,,,,,,,,,,,,,
55-4,0,1,0,3,0,5,1,,,,,,,,,,,,,,,,,,,,,,,,,,,,,,
55-5,2,5,2,3,0,1,2,1,,,1,1,,,,1,1,,,,,,,,,,,,,,,,,,,,
55-6,1,7,4,5,4,7,2,1,1,2,1,,,,,,,,,,,,,,,,,,1,1,1,1,,,,,
55-7,3,6,8,2,1,4,2,1,,2,1,,,,1,,,,,1,,,1,,,,,,2,3,,,,,,,
55-8,3,3,6,9,2,9,1,,,1,,,1,,1,1,,,,1,,,,,,,,1,1,1,,,,,,,
55-9,0,4,2,4,2,8,1,1,,1,1,,,,,,,,,,,,,,,,,,1,,1,,,,,,
55-10,0,4,1,3,0,3,1,,,3,,,,,,,,,,,,,,,,,,,,,,1,,,,,
55-11,2,7,5,8,2,15,3,,,3,1,,,,,1,,1,,,,,1,,,,,,,,1,1,,,,,
55-12,0,16,12,9,1,4,1,2,,10,1,,2,,1,,1,,,,,,,,,,,,,,,7,1,,2,,
55-13,3,4,3,2,6,11,1,,,2,1,,,,,,,1,,,,,,,,,1,,,,,1,,,,,
55-14,0,2,3,4,0,6,1,,,1,,,,,,,,,,,,,,,,,,,1,1,,,,,1,,
55-15,3,3,5,2,1,7,1,,2,,,,,,,,1,,,,,1,,,,,,,2,,1,,,,,,
55-16,3,3,3,2,1,9,1,,2,,,,,,1,,1,,,,,,,,,,,,,1,,,,,,,
55-17,7,5,2,13,1,11,,,2,1,1,,1,,1,,,,,,,,,,,,,,,1,,,,,,,
55-18,2,2,4,9,4,9,1,,1,,,,,,,,,,,,,,,,,,,,,1,1,1,,,1,,
55-19,0,7,7,2,1,11,2,,1,2,2,,,,1,1,,,,,,,,,,,,,,2,1,1,1,,,,
55-20,2,3,9,6,3,8,,2,,,1,,,,3,,,,,,,,,,,1,,,,3,,,2,,,,
55-21,2,8,6,8,2,6,,,1,2,1,4,,,,1,,,,,,,,,,1,1,,,,1,,,1,1,,
55-22,1,5,4,3,1,8,1,1,2,,1,,,,,,,,,,,,,,,2,,,,1,1,,,,,,
55-23,1,6,4,1,0,5,,,5,1,,,,,,1,,,,1,,,,,,,,,,,,2,,,,,
55-24,0,9,6,12,9,9,4,1,,2,,,2,,,1,,1,,,,,,,,,,,,1,1,1,1,,,,
55-25,0,3,6,7,1,4,,1,1,,1,,,,,,,,,,1,1,,,,1,,,,,,2,1,,,,
55-26,2,2,0,6,1,6,,,,,1,1,,,,,,,,,,,,,,,,,,,,,,,,,
55-27,0,3,4,2,0,8,1,1,,,,1,,,1,,,,,,,,,,,,1,,,1,,,1,,,,
55-28,0,2,4,2,2,6,,,,2,,,,,,,,,,,,,,,,,,,,,,3,1,,,,
55-29,2,3,4,2,2,10,1,1,,1,,,,,,,,,1,,,,,,2,,,,1,,,,,,,,
,,,,,,,,,,,,,,,,,,,,,,,,,,,,,,,,,,,,,
56-1,0,6,2,3,1,9,3,,,,2,1,,,,,,,,,1,,,,,,,1,,,,,,,,,
56-2,0,3,3,6,1,6,,1,,,1,,1,,,,,1,,,,,,,,,,,,,2,,,,,,
56-3,1,1,0,2,0,4,1,,,,,,,,,,,,,,,,,,,,,,,,,,,,,,
56-4,0,3,3,4,2,4,1,,1,,,,1,,,,,,,1,,,,1,,,,,,,,,,,1,,
56-5,0,2,3,2,2,6,,,,,1,,1,,,,,,,,,,,,,,,1,,,1,,,,1,,
56-6,1,14,15,13,5,19,3,1,1,1,6,1,1,,,1,,2,1,1,1,,,,,,,2,,1,,1,4,,1,,
56-7,1,3,3,4,2,7,,,,1,2,,,,,,,,,,,,,,,,,,,,1,,2,,,,
56-8,1,8,13,12,13,13,,2,1,,5,,,,,,,,1,,,,,1,,,,,,4,,1,5,,1,,
56-9,1,12,4,6,1,7,2,,,,10,,,,,,,1,,,,,,,,,,,,,1,,2,,,,
56-10,1,6,4,5,6,8,1,1,,1,3,,,,,2,,,,,,,,,,,,,,,,1,,,1,,
56-11,0,3,1,3,1,2,1,1,1,,,,,,1,,,,,,,,,,,,,,,,,,,,,,
56-12,0,4,3,2,3,12,1,,,,3,,,,1,,,1,,,,,,,,,,,,,,1,,,,,
56-13,1,3,4,4,3,7,,,,,3,,,,1,1,,1,1,,,,,,,,,,,,,,,,,,
56-14,1,3,2,1,1,5,2,,,,1,,,,,,,,,,,,,,,,,,,,1,,1,,,,
56-15,2,1,3,3,3,7,,,,,1,,,,,,,1,,,,,,,,,,,,1,,,,1,,,
56-16,1,3,1,5,1,4,2,,0,,1,,,,,,,,,,,,,,,,,,,,,,,,1,,
56-17,2,4,0,4,2,9,,,1,1,2,,,,,,,,,,,,,,,,,,,,,,,,,,
56-18,1,6,3,4,2,6,,,2,2,2,,,,,,,,,,,,,,,,,,,1,,,2,,,,
56-19,0,10,8,6,2,2,2,3,,,5,,,,1,,3,1,,2,,,,,,,,1,,,,,,,,,
56-20,0,1,0,1,1,2,,,,,1,,,,,,,,,,,,,,,,,,,,,,,,,,
56-21,0,0,0,1,1,5,,,,,,,,,,,,,,,,,,,,,,,,,,,,,,,
56-22,5,1,1,2,2,10,,1,,,,,,,,,,,,,,,,,,,,,,,,,,,1,,
56-23,0,3,2,2,5,7,2,,,,1,,,,,1,,,,,,,,,,,,,,1,,,,,,,
56-24,0,3,5,3,0,6,,,,,2,,1,,,,,,,,,1,,,,1,,,,,,,,,3,,
56-25,0,1,1,3,1,1,,,,,1,,,,,1,,,,,,,,,,,,,,,,,,,,,
56-26,1,8,4,3,3,9,1,,3,,3,,1,,,,,,,1,,,,1,,,,,,,2,,,,,,
56-27,0,1,1,4,0,3,,,,,,1,,,,,1,,,,,,,,,,,,,,,,,,,,
56-28,0,3,1,6,0,3,1,,,,,,2,,,,,,,,,,,,,,,,,,,,,1,,,
56-29,2,3,1,2,1,2,,,,,3,,,,,,,,,,,,,,,,,,,,,,1,,,,
56-30,4,1,1,2,0,5,1,,,,,,,,1,,,,,,,,,,,,,,,,,,,,,,
56-31,3,6,0,4,0,4,1,1,1,,3,,,,,,,,,,,,,,,,,,,,,,,,,,
56-32,1,7,4,12,2,10,,,,,4,3,,,1,,,,,,,,,,,,,,,,,,3,,,,
56-33,0,6,2,7,3,6,,,1,1,4,,,,,,,,,,,,,,,,,,,1,,,1,,,,
56-34,0,6,3,1,1,4,1,1,,,4,,,,,,,,,,,,,,,,,,,1,1,,1,,,,
56-35,0,5,2,2,1,3,2,,,2,,1,,,,,1,1,,,,,,,,,,,,,,,,,,,
56-36,0,3,0,2,1,4,2,,,,1,,,,,,,,,,,,,,,,,,,,,,,,,,
56-37,0,0,3,7,5,6,,,,,,,,,,,,,,,1,,,,,,,,,1,,,1,,,,
56-38,1,8,1,4,2,3,1,,,,6,1,,,,,,,,,,,,,,,,,,,,,1,,,,
56-39,1,3,3,1,1,6,,1,,1,,1,,,,1,,,,,,,1,,,,,,,,,,1,,,,
56-40,1,3,4,1,0,2,,,,,3,,,,1,,,1,,1,,,,,,,,,,,,,,,1,,
56-41,2,6,2,3,0,3,1,2,,,3,,,,1,,1,,,,,,,,,,,,,,,,,,,,
,,,,,,,,,,,,,,,,,,,,,,,,,,,,,,,,,,,,,
57-1,,10,7,9,5,9,,9,1,,,,,,,,,,,,,,,,,,1,,,4,,,2,,,,
57-2,2,14,3,4,1,10,1,9,2,2,,,,,2,,,,,,,,,,,,,,,1,,,,,,,
57-3,3,7,6,3,2,17,3,2,,1,,1,,,2,,,,,,,,,,,1,,,,1,1,,1,,,,
57-4,1,5,3,5,2,7,2,1,,,2,,,,1,,,,,,,,,,,1,,,,,,,1,,,,
57-5,5,5,2,3,1,1,1,2,,,1,1,,,,,,,,,,,,,,,2,,,,,,,,,,
57-6,,2,,2,,2,1,,,,1,,,,,,,,,,,,,,,,,,,,,,,,,,
57-7,,3,,3,,2,,,1,1,,1,,,,,,,,,,,,,,,,,,,,,,,,,
57-8,,6,6,2,2,11,2,4,,,,,,,,,,1,,,,,,,,,,,,,,,5,,,,
57-9,1,5,2,3,1,5,1,2,,,2,,,,,,,1,,,,,,,,,1,,,,,,,,,,
57-10,2,7,4,9,2,6,1,6,,,,,,,1,1,,,,,,,,,,,,,,1,,,1,,,,
57-11,1,16,6,10,2,13,,10,,4,2,,,,1,,,,,,,,1,,,1,2,,,1,,,,,,,
57-12,1,14,5,10,1,16,2,6,2,4,,,,,1,,,,,,,,,,,,,,,,,,3,1,,,
57-13,,16,15,17,5,24,6,1,1,1,5,1,1,,2,,,1,,1,,,,,,,,,,1,1,,9,,,,
57-14,3,6,6,10,7,15,3,1,,2,,,,,1,1,,,1,,,,,,,,,,,1,,,1,1,,,
57-15,1,7,3,7,2,5,1,4,1,1,,,,,,,,,,,,,,,,,,,,,1,,1,1,,,
57-16,,8,1,5,2,14,1,7,,,,,,,,,,,,,,,,,,,,,,1,,,,,,,
57-17,4,17,6,6,4,11,2,11,1,2,1,,,,,,,,,,,,,,,,1,,,3,,1,,1,,,
57-18,3,8,10,13,7,12,2,5,1,,,,,,1,,,,,1,,,1,,,,2,,,1,,,3,1,,,
57-19,2,4,8,2,2,6,,3,,1,,,,,2,,,,,,,1,,,,,,,,1,,,4,,,,
57-20,,5,,3,2,4,1,1,,1,2,,,,,,,,,,,,,,,,,,,,,,,,,,
57-21,,10,5,5,5,3,,9,1,,,,,,2,,,,,,,,,,,,1,,,1,,,1,,,,
57-22,1,9,4,7,5,8,3,2,2,,1,,1,,1,,,,,,,,,,,,,,,,1,,2,,,,
57-23,,4,7,1,6,12,3,1,,,,,,,3,,,,,,,,,,,,,,,,,,4,,,,
57-24,,7,3,6,4,9,2,4,,1,,,,,1,,,,,,,,,,,1,,,,1,,,,,,,
57-25,1,5,5,5,2,12,,5,,,,,,,,,,,,,,,,,,2,,,,2,,,1,,,,
57-26,2,,1,2,1,3,,,,,,,,,,,,,,,,,,,,,,,,,,,1,,,,
57-27,,,3,1,,3,,,,,,,,,1,,,,,,,,,,,,,,,1,,,,,1,,
57-28,4,9,7,4,,5,,8,,,,1,,,1,,,,,,,,,,,,,,,3,,,1,1,1,,
,,,,,,,,,,,,,,,,,,,,,,,,,,,,,,,,,,,,,
58-1,3,3,1,2,1,3,,,,,2,,1,,,,,,,,,,,,,,,1,,,,,,,,,
58-2,,,1,3,,3,,,,,,,,,,,,,,1,,,,,,,,,,,,,,,,,
58-3,2,9,6,6,2,5,6,1,1,,,,1,,,,,,,1,,,,1,,,,,,1,1,,2,,,,
58-4,3,14,30,25,7,22,4,2,2,3,2,,1,,4,,,2,,,,,,,,1,,2,,2,3,,12,1,3,,
58-5,7,7,5,8,5,13,4,1,,2,,,,,2,,,,,,,,,,,,,,,,1,,1,1,,,
58-6,3,7,6,9,4,6,1,1,1,2,,1,1,,1,,,1,,1,,,,,,2,,,,,,,,,1,,
58-7,10,6,9,4,3,12,1,2,2,,,1,,,,1,1,1,1,1,,,,,,1,,,,2,,,1,,,,
58-8,1,1,5,6,2,2,,1,,,,,,,,1,,,,,,1,,,,1,,,,1,,1,,,,,
58-9,4,6,5,6,6,13,3,,2,1,,,,,,,,1,2,2,,,,,,,,,,,,,,,,,
58-10,5,4,4,8,4,13,3,1,,,,,,,1,2,,,,,1,,,,,,,,,,,,,,,,
58-11,2,4,10,3,5,13,1,,,1,2,,,,1,,,1,,,,,,,,1,,1,1,1,2,,1,,1,,
58-12,2,4,7,6,2,10,2,,,,2,,,,1,,,,,3,,,,,,,,,,,,1,1,,1,,
58-13,1,13,5,8,6,11,3,4,,1,3,,2,,1,,1,,,,,,,,,,,,,,1,,1,,1,,
58-14,6,2,2,5,2,5,,,,2,,,,,,,,,,,,,,,,,,,,,,,2,,,,
58-15,1,1,1,1,,5,,,,1,,,,,,,,,,,,,,,,1,,,,,,,,,,,
58-16,3,12,12,21,9,16,,3,2,2,5,,,,,1,,,,,,,,,,2,,,,5,1,2,1,,,,
58-17,,6,4,2,7,9,4,,1,,1,,,,,1,,1,,,,,,,,,1,,,1,,,,,,,
58-18,,3,1,3,1,4,,1,,,1,1,,,,,,,,,,,,,,,,,,,,1,,,,,
58-19,4,14,6,14,4,8,1,3,1,2,4,1,2,,1,,,1,,,,,,,,,,1,,1,,,2,,,,
58-20,1,7,,2,1,7,,,,,5,2,,,,,,,,,,,,,,,,,,,,,,,,,
58-21,6,7,8,13,4,20,1,4,,,,1,1,,1,2,1,,,,,,,,,,1,,,,,1,2,,,,
58-22,2,10,5,8,7,10,5,2,,3,,,,,1,1,,,,1,,,,,,,,,,,,,1,1,,,
58-23,1,4,5,7,7,12,2,1,,1,,,,,1,,,,,,,,,,,1,,,,,,,2,,1,,
58-24,2,12,10,9,3,13,3,4,1,2,1,1,,,,1,1,,2,1,,,,,,,,,1,1,,,3,,,,
58-25,2,9,4,11,1,6,6,,,3,,,,,1,,,,,,,,,,,,2,,,,,,1,,,,
58-26,6,5,4,5,3,10,,2,1,,2,,,,1,,,1,,,,,,,,,,,,1,,,,,1,,
58-27,5,5,6,3,2,7,1,1,,3,,,,,,,,,1,,,,,,,,,,,3,,,,1,1,,
58-28,6,6,2,5,2,9,,1,1,1,1,,2,,,,,,,,,,,,,,,,,,1,,1,,,,
58-29,6,11,6,10,4,18,3,4,1,2,1,,,,3,,,3,,,,,,,,,,,,,,,,,,,
58-30,4,2,4,4,,10,,,1,,1,,,,,1,,1,,,,,,,,,2,,,,,,,,,,
58-31,2,5,3,9,3,6,1,1,,,2,1,,,,,,,,1,,,,,,,,,,,1,,1,,,,
58-32,,3,1,5,1,5,3,,,,,,,,,1,,,,,,,,,,,,,,,,,,,,,
58-33,2,8,3,5,3,4,3,1,3,,1,,,,,,,1,,,1,,,,,,,1,,,,,,,,,
58-34,1,3,10,2,3,5,1,,,,,1,1,,1,,,2,,4,,,,,,,,,,,,1,2,,,,
58-35,9,22,4,13,5,5,2,2,5,6,4,,3,,,,1,,,1,1,,,,,,,,,1,,,,,,,
58-36,,1,1,1,2,1,,,,,1,,,,,,,,,,,,,,,,,,,,,,1,,,,
58-37,5,5,2,4,2,6,2,,,1,1,1,,,,,,,,,,,,1,,,,1,,,,,,,,,
58-38,,1,,,,1,1,,,,,,,,,,,,,,,,,,,,,,,,,,,,,,
58-39,1,15,15,11,4,15,5,1,3,3,3,,,,2,1,,,1,,1,,,1,,,,,,1,,1,7,,,,
58-40,1,3,1,3,2,3,2,1,,,,,,,,,,,1,,,,,,,,,,,,,,,,,,
58-41,8,24,27,24,10,34,6,6,3,4,3,2,,,3,,,3,,,,,,1,,2,,,,2,3,1,9,1,2,,
58-42,1,4,1,8,3,6,2,,,,1,,1,,1,,,,,,,,,,,,,,,,,,,,,,
58-43,1,5,4,6,3,7,,1,1,,3,,,,,,1,,,,,,,,,,,,,,1,,2,,,,
58-44,3,3,2,8,2,12,1,1,1,,,,,,,,,,,,,,,,,,,,,1,,,1,,,,
,,,,,,,,,,,,,,,,,,,,,,,,,,,,,,,,,,,,,
59-1,0,0,0,0,0,0,,,,,,,,,,,,,,,,,,,,,,,,,,,,,,,
59-2,0,0,0,0,0,2,,,,,,,,,,,,,,,,,,,,,,,,,,,,,,,
59-3,0,0,0,0,0,0,,,,,,,,,,,,,,,,,,,,,,,,,,,,,,,
59-4,0,0,1,1,0,1,,,,,,,,,,,,,1,,,,,,,,,,,,,,,,,,
59-5,0,1,0,0,1,0,1,,,,,,,,,,,,,,,,,,,,,,,,,,,,,,
59-6,0,0,0,0,0,0,,,,,,,,,,,,,,,,,,,,,,,,,,,,,,,
59-7,0,0,0,0,0,0,,,,,,,,,,,,,,,,,,,,,,,,,,,,,,,
59-8,0,0,0,0,0,0,,,,,,,,,,,,,,,,,,,,,,,,,,,,,,,
59-9,0,0,0,0,0,0,,,,,,,,,,,,,,,,,,,,,,,,,,,,,,,
59-10,0,0,2,0,0,3,,,,,,,,,,2,,,,,,,,,,,,,,,,,,,,,
59-11,0,0,0,0,0,0,,,,,,,,,,,,,,,,,,,,,,,,,,,,,,,
59-12,2,1,0,0,0,0,1,,,,,,,,,,,,,,,,,,,,,,,,,,,,,,
59-13,0,1,2,0,0,1,,,,,,,1,,,,1,,,,,,,,,,1,,,,,,,,,,
59-14,0,0,0,0,0,0,,,,,,,,,,,,,,,,,,,,,,,,,,,,,,,
59-15,0,1,0,4,0,3,,,,,,1,,,,,,,,,,,,,,,,,,,,,,,,,
59-16,0,0,0,0,0,2,,,,,,,,,,,,,,,,,,,,,,,,,,,,,,,
59-17,0,0,0,0,0,1,,,,,,,,,,,,,,,,,,,,,,,,,,,,,,,
59-18,1,1,0,0,0,2,1,,,,,,,,,,,,,,,,,,,,,,,,,,,,,,
59-19,0,0,0,0,0,0,,,,,,,,,,,,,,,,,,,,,,,,,,,,,,,
59-20,0,0,0,0,0,2,,,,,,,,,,,,,,,,,,,,,,,,,,,,,,,
59-21,0,0,0,1,0,1,,,,,,,,,,,,,,,,,,,,,,,,,,,,,,,
59-22,0,0,1,0,1,0,,,,,,,,,,,,,,,,,,,,,,,1,,,,,,,,
59-23,2,0,0,1,0,2,,,,,,,,,,,,,,,,,,,,,,,,,,,,,,,
59-24,2,1,0,0,0,0,1,,,,,,,,,,,,,,,,,,,,,,,,,,,,,,
59-25,1,2,0,1,1,1,1,,,,,,1,,,,,,,,,,,,,,,,,,,,,,,,
,,,,,,,,,,,,,,,,,,,,,,,,,,,,,,,,,,,,,
60-1,0,1,0,0,0,0,1,,,,,,,,,,,,,,,,,,,,,,,,,,,,,,
60-2,0,1,0,0,0,0,,,,,,1,,,,,,,,,,,,,,,,,,,,,,,,,
60-3,0,0,0,0,0,0,,,,,,,,,,,,,,,,,,,,,,,,,,,,,,,
60-4,0,0,0,0,0,0,,,,,,,,,,,,,,,,,,,,,,,,,,,,,,,
60-5,0,0,0,1,0,0,,,,,,,,,,,,,,,,,,,,,,,,,,,,,,,
60-6,0,0,0,0,0,0,,,,,,,,,,,,,,,,,,,,,,,,,,,,,,,
60-7,1,0,0,0,0,0,,,,,,,,,,,,,,,,,,,,,,,,,,,,,,,
60-8,0,0,0,0,0,1,,,,,,,,,,,,,,,,,,,,,,,,,,,,,,,
60-9,0,1,3,0,0,0,,,,,,,1,,,,,,,,,,1,,,,,,2,,,,,,,,
60-10,0,0,0,0,0,0,,,,,,,,,,,,,,,,,,,,,,,,,,,,,,,
60-11,0,0,0,0,0,0,,,,,,,,,,,,,,,,,,,,,,,,,,,,,,,
60-12,0,0,1,2,1,2,,,,,,,,,,,1,,,,,,,,,,,,,,,,,,,,
60-13,1,0,1,0,0,1,,,,,,,,,,,,,,,,,,,,,,,1,,,,,,,,
60-14,0,1,0,0,0,0,,,1,,,,,,,,,,,,,,,,,,,,,,,,,,,,
60-15,0,0,0,1,0,0,,,,,,,,,,,,,,,,,,,,,,,,,,,,,,,
60-16,0,1,0,0,0,1,,,,,,1,,,,,,,,,,,,,,,,,,,,,,,,,
60-17,0,0,1,0,0,0,,,,,,,,,,,,,1,,,,,,,,,,,,,,,,,,
60-18,0,0,0,1,0,0,,,,,,,,,,,,,,,,,,,,,,,,,,,,,,,
60-19,0,0,0,0,0,0,,,,,,,,,,,,,,,,,,,,,,,,,,,,,,,
60-20,0,0,0,1,0,1,,,,,,,,,,,,,,,,,,,,,,,,,,,,,,,
60-21,0,0,0,0,0,0,,,,,,,,,,,,,,,,,,,,,,,,,,,,,,,
60-22,0,0,0,0,0,0,,,,,,,,,,,,,,,,,,,,,,,,,,,,,,,
60-23,1,0,0,1,0,0,,,,,,,,,,,,,,,,,,,,,,,,,,,,,,,
,,,,,,,,,,,,,,,,,,,,,,,,,,,,,,,,,,,,,
61-1,1,1,2,0,0,1,,1,,,,,,,,1,,,,1,,,,,,,,,,,,,,,,,
61-2,0,1,0,2,0,0,1,,,,,,,,,,,,,,,,,,,,,,,,,,,,,,
61-3,0,0,0,1,1,2,,,,,,,,,,,,,,,,,,,,,,,,,,,,,,,
61-4,0,1,1,1,0,1,,,,,,,1,,,,,,,1,,,,,,,,,,,,,,,,,
61-5,2,1,0,0,1,0,,,,,,,1,,,,,,,,,,,,,,,,,,,,,,,,
61-6,0,2,0,2,1,2,1,,,,,,1,,,,,,,,,,,,,,,,,,,,,,,,
61-7,0,0,2,1,2,3,,,,,,,,,,,,,1,1,,,,,,,,,,,,,,,,,
61-8,1,0,0,0,0,0,,,,,,,,,,,,,,,,,,,,,,,,,,,,,,,
61-9,0,0,1,0,0,0,,,,,,,,,,,,,,,,,,,,,,,,,,,,,1,,
61-10,0,0,0,0,0,1,,,,,,,,,,,,,,,,,,,,,,,,,,,,,,,
61-11,1,0,1,0,0,0,,,,,,,,,,1,,,,,,,,,,,,,,,,,,,,,
61-12,0,0,0,0,0,0,,,,,,,,,,,,,,,,,,,,,,,,,,,,,,,
61-13,0,1,0,0,0,1,1,,,,,,,,,,,,,,,,,,,,,,,,,,,,,,
61-14,0,0,0,0,0,1,,,,,,,,,,,,,,,,,,,,,,,,,,,,,,,
61-15,0,0,1,4,0,3,,,,,,,,,,,,1,,,,,,,,,,,,,,,,,,,
61-16,0,2,0,0,0,0,2,,,,,,,,,,,,,,,,,,,,,,,,,,,,,,
61-17,0,3,2,1,0,0,2,,,,1,,,,1,1,,,,,,,,,,,,,,,,,,,,,
61-18,0,2,0,0,0,0,1,,,,,,1,,,,,,,,,,,,,,,,,,,,,,,,
61-19,0,0,0,0,0,0,,,,,,,,,,,,,,,,,,,,,,,,,,,,,,,
61-20,0,0,0,0,0,0,,,,,,,,,,,,,,,,,,,,,,,,,,,,,,,
61-21,1,1,0,0,0,1,,,,,,1,,,,,,,,,,,,,,,,,,,,,,,,,
61-22,2,2,0,0,0,0,1,1,,,,,,,,,,,,,,,,,,,,,,,,,,,,,
61-23,0,3,1,2,0,1,2,,1,,,,,,,,,,,,,,,,,1,,,,,,,,,,,
61-24,2,1,0,2,0,1,,1,,,,,,,,,,,,,,,,,,,,,,,,,,,,,
61-25,0,2,0,1,0,1,1,,1,,,,,,,,,,,,,,,,,,,,,,,,,,,,
61-26,0,1,1,1,0,1,,,1,,,,,,,,,,,,,,,,,,,,,1,,,,,,,
61-27,0,3,0,0,0,0,3,,,,,,,,,,,,,,,,,,,,,,,,,,,,,,
61-28,0,0,0,0,0,2,,,,,,,,,,,,,,,,,,,,,,,,,,,,,,,
,,,,,,,,,,,,,,,,,,,,,,,,,,,,,,,,,,,,,
62-1,0,2,2,0,0,1,,1,,,,,1,,,,,,,,1,,,,,1,,,,,,,,,,,
62-2,0,0,0,2,0,0,,,,,,,,,,,,,,,,,,,,,,,,,,,,,,,
62-3,0,2,0,4,1,4,1,,,,1,,,,,,,,,,,,,,,,,,,,,,,,,,
62-4,0,1,1,1,0,2,,1,,,,,,,,,,,,,,,,,,,1,,,,,,,,,,
62-5,0,3,0,0,0,6,1,,,,,,2,,,,,,,,,,,,,,,,,,,,,,,,
62-6,1,0,1,6,1,7,,,,,,,,,,,,,,,,,,,,,,,,1,,,,,,,
62-7,0,0,0,0,0,0,,,,,,,,,,,,,,,,,,,,,,,,,,,,,,,
62-8,1,0,0,1,0,0,,,,,,,,,,,,,,,,,,,,,,,,,,,,,,,
62-9,1,1,2,1,0,1,,,,1,,,,,,,,,,,,,,,,1,,,,,,,,1,,,
62-10,0,1,2,0,0,0,1,,,,,,,,,1,,,,,,,,,,,,1,,,,,,,,,
62-11,4,2,2,2,0,2,,,2,,,,,,,,,,1,1,,,,,,,,,,,,,,,,,
62-12,0,0,0,0,0,1,,,,,,,,,,,,,,,,,,,,,,,,,,,,,,,
62-13,0,2,1,3,0,3,,1,,,,,1,,,,,,,,,,,,,,,,,1,,,,,,,
62-14,0,2,1,1,0,1,2,,,,,,,,,,,,,,,,,,,,,,,,1,,,,,,
62-15,0,2,1,4,1,1,2,,,,,,,,,,,,,,,,,,,1,,,,,,,,,,,
62-16,1,0,1,1,1,1,,,,,,,,,,,,,,,,,,,,,,1,,,,,,,,,
62-17,0,3,2,4,0,5,1,,1,1,,,,,,,,,1,,,,,,,,,,,,,,,1,,,
62-18,0,2,1,4,0,6,,,,,,,2,,,,,,,,,,,,,,,,,,,,,,1,,
62-19,1,0,2,4,1,2,,,,,,,,,1,,,,,,,,,,,,,,,1,,,,,,,
62-20,0,0,0,3,0,4,,,,,,,,,,,,,,,,,,,,,,,,,,,,,,,
62-21,1,0,0,1,0,0,,,,,,,,,,,,,,,,,,,,,,,,,,,,,,,
62-22,0,2,3,1,2,1,,,,,,2,,,,,,1,,,,,,,,,,,,1,,1,,,,,
62-23,2,2,0,2,1,8,,,,1,,1,,,,,,,,,,,,,,,,,,,,,,,,,
62-24,1,2,1,1,0,1,,1,,,,,1,,,,,,,,,,,,,,,,1,,,,,,,,
62-25,1,2,1,2,2,3,,1,,,,1,,,,,,1,,,,,,,,,,,,,,,,,,,
62-26,0,0,1,2,2,4,,,,,,,,,,,,,,,1,,,,,,,,,,,,,,,,
,,,,,,,,,,,,,,,,,,,,,,,,,,,,,,,,,,,,,
63-1,4,15,8,8,5,17,2,2,,1,9,,1,,,1,,1,,,,,,1,,,,,,3,,,2,,,,
63-2,5,10,6,8,5,14,3,1,,2,4,,,,,,,,,,,,,,,,,,,1,1,2,,1,1,,
63-3,8,16,10,12,4,20,3,1,1,2,7,,2,,2,,,2,,,1,,,1,,,,1,,,1,,1,,1,,
63-4,2,22,17,25,6,15,4,,,,14,1,3,,,3,,3,,,,,,1,,,,1,,1,1,,7,,,,
63-5,8,7,3,10,6,10,2,2,,1,1,,1,,,,1,,,,,,,,,,,,,1,1,,,,,,
63-6,,9,11,7,11,6,2,3,,1,2,1,,,1,,1,1,,2,1,,,,2,1,1,,,,,,1,,,,
63-7,3,5,5,3,,4,2,,,1,1,,1,,,,,,,2,,,,,,,1,,,,,,2,,,,
63-8,2,10,6,10,7,15,2,1,1,1,5,,,,,1,1,,,,1,,,,,,,,,1,,2,,,,,
63-9,1,9,10,16,4,18,1,,1,1,6,,,,,,,,,2,1,,,,,,1,,,1,3,,,,2,,
63-10,2,14,7,14,21,16,,1,1,,11,,1,,,1,,1,1,,,,,,,1,,1,,,2,,,,,,
63-11,2,12,12,11,9,21,3,2,1,2,2,,2,,1,3,,1,1,1,,,,,,,,,,1,1,,2,,1,,
63-12,3,7,6,4,5,10,2,1,,,4,,,,1,1,,,1,,,,,,,,,,,,,,2,,1,,
63-13,4,9,7,4,3,21,3,1,1,2,1,,1,,1,,1,,,,,1,,,,,,,,,2,1,,1,,,
63-14,3,5,12,12,5,22,2,,,1,2,,,,3,,,1,,,1,,,1,,1,,,,,2,1,1,,1,,
63-15,5,8,5,6,3,20,2,1,1,2,2,,,,,,,,,,,,,,,,1,1,,,3,,,,,,
63-16,7,10,3,8,4,10,3,,1,1,4,,1,,,,,,,,,,,,,,1,,1,1,,,,,,,
63-17,2,6,4,8,6,16,1,1,2,2,,,,,1,,,,1,,,,,,,,,,,2,,,,,,,
63-18,2,8,4,13,2,13,3,,,1,4,,,,,1,,,,,,,,,,,,2,,,,,1,,,,
63-19,2,15,4,13,6,8,1,,1,1,9,1,2,,,,,,,,,,,,,,,,,,,,4,,,,
63-20,3,6,3,7,5,12,4,1,,1,,,,,,1,,1,,,,,,,,,,,,,1,,,,,,
63-21,,3,8,7,5,8,2,,,,1,,,,2,,,1,,,,,,,,,,2,,,,,3,,,,
63-22,1,3,2,9,3,3,1,,,1,1,,,,,,,,,,,,,,,,,,,,,,2,,,,
63-23,3,12,8,10,5,20,7,1,2,1,,,1,,,1,2,,,1,,,,,,1,,,1,,1,1,,,,,
63-24,1,4,3,9,1,13,2,1,,1,,,,,,,,,,1,,,,,,,,1,,,,,1,,,,
63-25,2,4,3,4,1,9,1,1,2,,,,,,1,1,,,,,,,,,,,,,,1,,,,,,,
,,,,,,,,,,,,,,,,,,,,,,,,,,,,,,,,,,,,,
64-1,0,3,4,2,2,10,,,1,1,,,1,,1,,,,,,,,,,,,1,,,1,1,,,,,,
64-2,2,3,6,13,7,17,,1,1,1,,,,,,1,,1,,,,,,,,1,,,,1,1,1,,,,,
64-3,3,5,3,9,2,3,1,2,,1,1,,,,,,,,1,,,,,,,,,,1,1,,,,,,,
64-4,3,9,6,11,1,8,4,3,1,,1,,,,2,,1,,,,1,,,,,,,,,,,,2,,,,
64-5,1,6,3,13,2,11,,2,1,1,2,,,,,,,,,,,,,,,1,,,1,,,,1,,,,
64-6,4,9,5,7,0,20,3,,2,2,2,,,,,1,1,1,,,,,,,,,,,,,1,,,,1,,
64-7,3,1,3,5,12,20,,1,,,,,,,,1,,1,,,,,,,,,,,,,,,1,,,,
64-8,2,7,7,9,4,17,,2,1,2,1,1,,,,,1,2,,,,,,,,1,,1,,,1,1,,,,,
64-9,0,5,1,2,1,10,,,3,1,1,,,,1,,,,,,,,,,,,,,,,,,,,,,
64-10,1,3,5,9,4,9,1,,,,,2,,,,1,,,,,1,,,,,1,2,,,,,,,,,,
64-11,3,11,9,13,4,15,,,3,1,2,3,2,,,,1,,,,,,,,,,1,,5,1,,1,,,,,
64-12,0,6,5,1,0,5,2,1,,,3,,,,,1,,,,,1,1,,,,,,,,,1,1,,,,,
64-13,3,8,6,11,3,19,,2,,2,1,2,1,,,,,3,,,,,1,,,,,,,,,,1,,1,,
64-14,1,9,5,13,2,13,4,1,,2,2,,,,1,,,1,,,,,,,,,,1,,,1,,,,1,,
64-15,1,7,4,6,1,7,1,1,3,,,1,1,,,,,2,,,,,,,,,,,1,,1,,,,,,
64-16,0,2,3,8,1,9,1,,,1,,,,,1,,,,,,,,,,,,,,,,1,,1,,,,
64-17,3,3,4,5,1,9,2,,,,1,,,,1,,2,,,,,,,,,1,,,,,,,,,,,
64-18,0,15,7,8,7,19,2,5,4,4,,,,,,,,,,,,,,,,,,,,3,2,,,,2,,
,,,,,,,,,,,,,,,,,,,,,,,,,,,,,,,,,,,,,
65-1,,9,12,12,5,23,1,4,1,2,1,,,,,1,1,1,,,,,,,,1,,,,3,2,1,1,1,,,
65-2,5,5,6,7,3,17,,2,1,,1,1,,,,,,,,,,,,,,,,,,5,,,,,1,,
65-3,,1,1,3,1,2,,,1,,,,,,,1,,,,,,,,,,,,,,,,,,,,,
65-4,4,3,5,10,5,12,2,,1,,,,,,,1,,,,,,,,,,1,,2,,,,,,,1,,
65-5,2,2,2,3,,6,,,,1,,1,,,,,,,1,1,,,,,,,,,,,,,,,,,
65-6,,2,,3,1,1,1,,,,1,,,,,,,,,,,,,,,,,,,,,,,,,,
65-7,3,20,7,15,6,16,3,4,7,,4,1,1,,,,2,1,,,,,,,,,,,,,2,,1,,1,,
65-8,,4,2,5,1,3,1,,2,1,,,,,,,,,,,1,,,,,,,,,,,1,,,,,
65-9,1,6,3,6,4,9,1,1,1,2,,,1,,2,1,,,,,,,,,,,,,,,,,,,,,
65-10,3,14,7,9,6,14,,3,1,1,,8,1,,,1,,,,,,,,,,,,,,5,,,,1,,,
65-11,2,4,,1,2,1,1,,,2,1,,,,,,,,,,,,,,,,,,,,,,,,,,
65-12,,,,,,2,,,,,,,,,,,,,,,,,,,,,,,,,,,,,,,
65-13,1,,2,,1,,,,,,,,,,,,,,,,,,,,,,,1,,1,,,,,,,
65-14,3,3,1,1,,1,2,,,,,,1,,1,,,,,,,,,,,,,,,,,,,,,,
65-15,1,,,2,,1,,,,,,,,,,,,,,,,,,,,,,,,,,,,,,,
65-16,2,4,2,3,3,7,1,1,1,,1,,,,,,,,,,,,1,,,,,,,,1,,,,,,
65-17,3,2,3,4,2,8,,,,,,2,,,1,,,,,,,,,,,,,,,,,1,,,1,,
65-18,1,,1,2,,8,,,,,,,,,,1,,,,,,,,,,,,,,,,,,,,,
65-19,2,4,3,3,2,10,,4,,,,,,,,,,,,,,,,,,2,,,,,,,1,,,,
65-20,2,19,15,15,2,20,3,2,4,4,3,1,2,,2,1,,2,,2,,,,,,,,,,5,1,,2,,,,
65-21,,2,1,1,,6,,,,1,,1,,,,1,,,,,,,,,,,,,,,,,,,,,
65-22,2,4,2,5,2,10,1,2,1,,,,,,,,,,,,,,,,,1,1,,,,,,,,,,
65-23,1,10,4,3,5,18,1,2,,2,,5,,,1,,,,,,,,,,,,1,,,,,,,2,,,
,,,,,,,,,,,,,,,,,,,,,,,,,,,,,,,,,,,,,
66-1,1,7,2,4,3,7,2,2,1,2,,,,,1,,,,1,,,,,,,,,,,,,,,,,,
66-2,1,10,7,10,3,9,,3,1,5,1,,,,2,,,,,,,,,,,,,,,1,,1,3,,,,
66-3,1,19,13,8,4,6,1,16,1,1,,,,,4,,,,,,,,,,,,,,,3,,,4,1,1,,
66-4,1,3,10,3,3,10,1,,1,1,,,,,,,,,,,,,,,,1,2,,,3,,,3,1,,,
66-5,4,7,2,7,3,6,3,1,1,1,,,1,,,1,,1,,,,,,,,,,,,,,,,,,,
66-6,1,5,8,6,2,7,1,4,,,,,,,4,,,,,1,,,,,,,,,,,,1,2,,,,
66-7,1,15,9,12,6,14,1,3,,9,1,1,,,1,,,,,,,,,,,,1,,,3,,,3,,1,,
66-8,1,5,15,10,5,10,,3,,1,,,1,,,,,,,2,,,,,,1,,,,6,2,3,,1,,,
66-9,2,11,12,10,4,7,1,4,,1,2,2,1,,1,,,,,,,,,,,1,,1,,6,3,,,,,,
66-10,4,16,13,7,2,10,4,6,5,,1,,,,3,,,1,,,,,,,,1,,,,5,,,2,,1,,
66-11,1,23,15,10,6,9,1,16,,5,,,1,,1,,,,,,,,,,,,1,,,9,,2,1,1,,,
66-12,3,12,9,5,1,2,1,9,,1,,1,,,,,,,,1,,,,,,,2,,,2,,3,,1,,,
66-13,1,9,7,10,2,6,1,5,1,1,1,,,,,,,,,,,,1,1,,1,,,,2,,,1,1,,,
66-14,0,10,7,7,1,7,,7,,3,,,,,3,,,,,,,,,,,,,,,,1,2,1,,,,
66-15,0,12,3,3,7,12,1,6,3,,1,,1,,,,,,,,,,,,,,1,,1,,1,,,,,,
66-16,0,5,8,7,0,12,,1,,2,,1,1,,,,1,,1,,,,,,,1,1,,,,,3,,,1,,
66-17,4,38,23,23,4,17,2,7,25,2,,1,1,,1,1,1,,,,,,,,,3,8,,3,3,,,1,2,,,
66-18,2,10,7,13,3,9,3,7,,,,,,,1,,,,,,,,,,,,2,,,2,,,2,,,,
66-19,0,5,11,8,4,9,,4,1,,,,,,,,1,,,,,,,,,1,,,,3,,2,3,1,,,
66-20,4,16,10,7,5,6,1,12,,3,,,,,1,,,,,,,,,,,,,,,4,,,4,1,,,
66-21,5,13,6,16,5,8,3,9,1,,,,,,1,,,,,1,,1,,,,,,,,2,,,,1,,,
66-22,1,9,9,5,2,15,1,6,,1,1,,,,1,1,,1,,,1,,,,,,1,,,3,,,,1,,,
66-23,3,15,11,7,3,13,1,9,2,1,1,1,,,3,,1,,,,,,,,,,1,1,1,2,,,2,,,,
66-24,4,11,10,3,2,11,,7,,3,,1,,,,,,,,,,,,,,,,,,8,1,,1,,,,
66-25,3,13,18,9,3,11,,9,,3,1,,,,2,,1,,,,,,1,,,,1,,,10,1,2,,,,,
66-26,1,10,6,7,1,14,2,6,1,,,1,,,,,,,,1,,,,,,,,,,2,,2,,1,,,
66-27,2,1,7,1,1,3,,,,1,,,,,1,,,,,,,,,,,,,,,,1,3,1,1,,,
66-28,2,13,13,7,6,12,1,10,,2,,,,,1,,,,,,,,,,,1,1,,,5,,3,2,,,,
66-29,6,33,32,26,2,15,3,21,,8,,1,,,6,,1,,,1,,,,,,,1,,,15,,1,6,,1,,
66-30,5,24,17,11,8,12,2,16,,6,,,,,,,,,,1,,,,,,,1,,,10,,1,3,1,,,
66-31,3,8,2,7,3,6,,4,1,2,1,,,,1,,,,,,,,,,,,,,,1,,,,,,,
66-32,4,8,3,5,1,5,,4,,3,,,1,,1,,,,,,,,,,,,,,,1,,,1,,,,
66-33,5,23,20,7,6,17,1,18,,3,1,,,,2,,,,,,,,,,,1,1,,,9,,3,2,2,,,
66-34,3,9,12,15,4,12,3,5,,1,,,,,4,,,,,,,,,,,,,,,4,,2,1,1,,,
66-35,6,11,5,9,3,10,1,6,,4,,,,,,,,,,,,,,,,,1,,,1,,1,1,1,,,
66-36,4,17,11,14,4,9,,10,3,4,,,,,2,,,,,,,,,,,,1,,,5,2,,1,,,,
66-37,1,5,3,2,1,9,,3,,1,,,1,,1,,,,,1,,,,,,,,,,1,,,,,,,
66-38,0,11,6,12,5,11,1,9,,,,1,,,2,,1,,,,,,,,,,,,,1,,,1,,1,,
66-39,0,12,6,8,4,10,3,7,,2,,,,,1,1,2,,,,,,,,,,1,,,,,,1,,,,
66-40,2,7,10,5,1,9,,6,,1,,,,,4,,,,,,,,,,,,,,,1,,2,3,,,,
66-41,1,10,4,5,1,5,1,2,1,6,,,,,,1,,,,,,,,,,,,,,2,,1,,,,,
66-42,3,14,12,12,4,11,,11,,2,1,,,,2,1,,,,,,,1,,,,,,,7,,,1,,,,
66-43,0,33,16,21,10,17,3,22,1,4,1,1,1,,1,,2,1,,1,,,,,,,,,,9,,,2,,,,
66-44,1,17,13,10,9,8,,10,2,4,1,,,,,,1,1,,,,,,,,,1,,,4,,2,4,,,,
66-45,1,12,15,5,2,9,1,3,2,6,,,,,1,,,,,,,,,,,,,,,10,,4,,,,,
66-46,10,14,39,10,4,9,3,10,1,,,,,,3,,1,,,1,,,,,,1,,,,7,,20,3,2,1,,
,1398,3781,2523,3535,1340,4866,1096,756,462,463,465,271,265,3,245,199,108,126,87,110,77,19,20,23,23,102,101,50,126,362,111,162,285,71,112,2,2